medalist_name,medal,gender,sport,medalist_id,sport_id
Bair Badënov,Bronze,male,archery,1,1
Ilario Di Buò,Silver,male,archery,2,1
Im Dong-hyun,Gold,male,archery,3,1
Jiang Lin,Bronze,male,archery,4,1
Lee Chang-hwan,Gold,male,archery,5,1
Li Wenquan,Bronze,male,archery,6,1
Marco Galiazzo,Silver,male,archery,7,1
Mauro Nespoli,Silver,male,archery,8,1
Park Kyung-mo,Silver,male,archery,9,1
Viktor Ruban,Gold,male,archery,10,1
Xue Haifeng,Bronze,male,archery,11,1
Bérengère Schuh,Bronze,female,archery,12,1
Chen Ling,Silver,female,archery,13,1
Guo Dan,Silver,female,archery,14,1
Joo Hyun-Jung,Gold,female,archery,15,1
Park Sung-hyun,Silver,female,archery,16,1
Sophie Dodemont,Bronze,female,archery,17,1
Virginie Arnold,Bronze,female,archery,18,1
Yun Ok-hee,Bronze,female,archery,19,1
Zhang Juanjuan,Gold,female,archery,20,1
Aaron Armstrong,Gold,male,athletics,21,2
Ainārs Kovals,Silver,male,athletics,22,2
Alex Schwazer,Gold,male,athletics,23,2
Alfred Kirwa Yego,Bronze,male,athletics,24,2
Andrae Williams,Silver,male,athletics,25,2
Andreas Thorkildsen,Gold,male,athletics,26,2
Andrei Krauchanka,Silver,male,athletics,27,2
Andretti Bain,Silver,male,athletics,28,2
Andrew Steele,Bronze,male,athletics,29,2
Andrey Silnov,Gold,male,athletics,30,2
Angelo Taylor,Gold,male,athletics,31,2
Asbel Kiprop,Gold,male,athletics,32,2
Avard Moncur,Silver,male,athletics,33,2
Bershawn Jackson,Bronze,male,athletics,34,2
Brimin Kipruto,Gold,male,athletics,35,2
Bruno de Barros,Bronze,male,athletics,36,2
Bryan Clay,Gold,male,athletics,37,2
Chris Brown,Silver,male,athletics,38,2
Christian Cantwell,Silver,male,athletics,39,2
David Neville,Bronze,male,athletics,40,2
David Oliver,Bronze,male,athletics,41,2
David Payne,Silver,male,athletics,42,2
Dayron Robles,Gold,male,athletics,43,2
Denis Nizhegorodov,Bronze,male,athletics,44,2
Derek Miles,Bronze,male,athletics,45,2
Dylan Armstrong,Bronze,male,athletics,46,2
Edwin Soi,Bronze,male,athletics,47,2
Eliud Kipchoge,Silver,male,athletics,48,2
Emmanuel Callender,Gold,male,athletics,49,2
Gerd Kanter,Gold,male,athletics,50,2
Germaine Mason,Silver,male,athletics,51,2
Godfrey Khotso Mokoena,Silver,male,athletics,52,2
Ibrahim Camejo,Bronze,male,athletics,53,2
Irving Saladino,Gold,male,athletics,54,2
Ismail Ahmed Ismail,Silver,male,athletics,55,2
Ivan Tsikhan,Bronze,male,athletics,56,2
Jaouad Gharib,Silver,male,athletics,57,2
Jared Tallent,Bronze,male,athletics,58,2
Jefferson Pérez,Silver,male,athletics,59,2
Jeremy Wariner,Silver,male,athletics,60,2
José Carlos Moreira,Bronze,male,athletics,61,2
Kenenisa Bekele,Gold,male,athletics,62,2
Kerron Clement,Silver,male,athletics,63,2
Keston Bledman,Gold,male,athletics,64,2
LaShawn Merritt,Gold,male,athletics,65,2
Leevan Sands,Bronze,male,athletics,66,2
Leonel Suárez,Bronze,male,athletics,67,2
Mahiedine Mekhissi-Benabbad,Silver,male,athletics,68,2
Marc Burns,Gold,male,athletics,69,2
Martyn Rooney,Bronze,male,athletics,70,2
Mehdi Baala,Bronze,male,athletics,71,2
Micah Kogo,Bronze,male,athletics,72,2
Michael Bingham,Bronze,male,athletics,73,2
Michael Mathieu,Silver,male,athletics,74,2
Naoki Tsukahara,Silver,male,athletics,75,2
Nelson Évora,Gold,male,athletics,76,2
Nick Willis,Silver,male,athletics,77,2
Nobuharu Asahara,Silver,male,athletics,78,2
Phillips Idowu,Silver,male,athletics,79,2
Piotr Małachowski,Silver,male,athletics,80,2
Primož Kozmus,Gold,male,athletics,81,2
Ramon Miller,Silver,male,athletics,82,2
Reggie Witherspoon,Gold,male,athletics,83,2
Richard Mateelong,Bronze,male,athletics,84,2
Richard Thompson,Silver,male,athletics,85,2
Robert Tobin,Bronze,male,athletics,86,2
Samuel Wanjiru,Gold,male,athletics,87,2
Sandro Viana,Bronze,male,athletics,88,2
Shawn Crawford,Silver,male,athletics,89,2
Shingo Suetsugu,Silver,male,athletics,90,2
Shinji Takahira,Silver,male,athletics,91,2
Sileshi Sihine,Silver,male,athletics,92,2
Steve Hooker,Gold,male,athletics,93,2
Tero Pitkämäki,Bronze,male,athletics,94,2
Tomasz Majewski,Gold,male,athletics,95,2
Tsegaye Kebede,Bronze,male,athletics,96,2
Usain Bolt,Gold,male,athletics,97,2
Vadim Devyatovskiy,Silver,male,athletics,98,2
Valeriy Borchin,Gold,male,athletics,99,2
Vicente de Lima,Bronze,male,athletics,100,2
Virgilijus Alekna,Bronze,male,athletics,101,2
Walter Dix,Bronze,male,athletics,102,2
Wilfred Bungei,Gold,male,athletics,103,2
Yaroslav Rybakov,Bronze,male,athletics,104,2
Yevgeny Lukyanenko,Silver,male,athletics,105,2
Agnes Osazuwa,Silver,female,athletics,106,2
Allyson Felix,Silver,female,athletics,107,2
Anna Chicherova,Bronze,female,athletics,108,2
Barbora Špotáková,Gold,female,athletics,109,2
Blanka Vlašić,Silver,female,athletics,110,2
Blessing Okagbare,Silver,female,athletics,111,2
Bobby-Gaye Wilkins,Silver,female,athletics,112,2
Catherine Ndereba,Silver,female,athletics,113,2
Chelsea Hammond,Bronze,female,athletics,114,2
Christina Obergföll,Bronze,female,athletics,115,2
Christine Ohuruogu,Gold,female,athletics,116,2
Constantina Diță,Gold,female,athletics,117,2
Dawn Harper-Nelson,Gold,female,athletics,118,2
Elisa Rigaudo,Bronze,female,athletics,119,2
Ene Franca Idoko,Silver,female,athletics,120,2
Eunice Jepkorir,Silver,female,athletics,121,2
Françoise Mbango Etone,Gold,female,athletics,122,2
Gloria Kemasuode,Silver,female,athletics,123,2
Gong Lijiao,Bronze,female,athletics,124,2
Gölnara Galkina-Sämitevä,Gold,female,athletics,125,2
Halimat Ismaila,Silver,female,athletics,126,2
Hanna Mariën,Gold,female,athletics,127,2
Hasna Benhassi,Bronze,female,athletics,128,2
Hyleas Fountain,Silver,female,athletics,129,2
Iryna Lishchynska,Silver,female,athletics,130,2
Janeth Jepkosgei,Silver,female,athletics,131,2
Jennifer Suhr,Silver,female,athletics,132,2
Kelly Sotherton,Bronze,female,athletics,133,2
Kerron Stewart,Bronze,female,athletics,134,2
Kim Gevaert,Gold,female,athletics,135,2
Kjersti Plätzer,Silver,female,athletics,136,2
Linet Masai,Bronze,female,athletics,137,2
Lucimar de Moura,Bronze,female,athletics,138,2
Manuela Montebrun,Bronze,female,athletics,139,2
Marilyn Okoro,Bronze,female,athletics,140,2
Mariya Abakumova,Silver,female,athletics,141,2
Mary Wineberg,Gold,female,athletics,142,2
Maurren Maggi,Gold,female,athletics,143,2
Melaine Walker,Gold,female,athletics,144,2
Meseret Defar,Silver,female,athletics,145,2
Monique Henderson,Gold,female,athletics,146,2
Nancy Langat,Gold,female,athletics,147,2
Nataliya Dobrynska,Gold,female,athletics,148,2
Nataliya Tobias,Bronze,female,athletics,149,2
Natasha Hastings,Gold,female,athletics,150,2
Nicola Sanders,Bronze,female,athletics,151,2
Novlene Williams-Mills,Silver,female,athletics,152,2
Olena Antonova,Silver,female,athletics,153,2
Olga Kaniskina,Gold,female,athletics,154,2
Olivia Borlée,Gold,female,athletics,155,2
Oludamola Osayomi,Silver,female,athletics,156,2
Pamela Jelimo,Gold,female,athletics,157,2
Priscilla Lopes-Schliep,Bronze,female,athletics,158,2
Rosemar Coelho Neto,Bronze,female,athletics,159,2
Rosemarie Whyte,Silver,female,athletics,160,2
Rosângela Santos,Bronze,female,athletics,161,2
Sally Pearson,Silver,female,athletics,162,2
Sanya Richards-Ross,Bronze,female,athletics,163,2
Shalane Flanagan,Silver,female,athletics,164,2
Sheena Tosta,Silver,female,athletics,165,2
Shelly-Ann Fraser-Pryce,Gold,female,athletics,166,2
Shereefa Lloyd,Silver,female,athletics,167,2
Shericka Williams,Silver,female,athletics,168,2
Sherone Simpson,Silver,female,athletics,169,2
Song Aimin,Bronze,female,athletics,170,2
Stephanie Brown Trafton,Gold,female,athletics,171,2
Svetlana Feofanova,Bronze,female,athletics,172,2
Sylvia Jebiwott Kibet,Bronze,female,athletics,173,2
Tasha Danvers,Bronze,female,athletics,174,2
Tatyana Chernova,Bronze,female,athletics,175,2
Thaissa Presti,Bronze,female,athletics,176,2
Tia Hellebaut,Gold,female,athletics,177,2
Tirunesh Dibaba,Gold,female,athletics,178,2
Valerie Adams,Gold,female,athletics,179,2
Veronica Campbell-Brown,Gold,female,athletics,180,2
Yekaterina Volkova,Bronze,female,athletics,181,2
Yelena Isinbayeva,Gold,female,athletics,182,2
Yipsi Moreno,Gold,female,athletics,183,2
Zhang Wenxiu,Silver,female,athletics,184,2
Zhou Chunxiu,Bronze,female,athletics,185,2
Élodie Ouédraogo,Gold,female,athletics,186,2
Cai Yun,Silver,male,badminton,187,3
Chen Jin,Bronze,male,badminton,188,3
Fu Haifeng,Silver,male,badminton,189,3
He Hanbin,Bronze,male,badminton,190,3
Hendra Setiawan,Gold,male,badminton,191,3
Hwang Ji-man,Bronze,male,badminton,192,3
Lee Chong Wei,Silver,male,badminton,193,3
Lee Jae-jin,Bronze,male,badminton,194,3
Lee Yong-dae,Gold,male,badminton,195,3
Lin Dan,Gold,male,badminton,196,3
Markis Kido,Gold,male,badminton,197,3
Nova Widianto,Silver,male,badminton,198,3
Du Jing,Gold,female,badminton,199,3
Lee Hyo-jung,Silver,female,badminton,200,3
Lee Kyung-won,Silver,female,badminton,201,3
Liliyana Natsir,Silver,female,badminton,202,3
Maria Kristin Yulianti,Bronze,female,badminton,203,3
Wei Yili,Bronze,female,badminton,204,3
Xie Xingfang,Silver,female,badminton,205,3
Yu Yang,Gold,female,badminton,206,3
Zhang Ning,Gold,female,badminton,207,3
Zhang Yawen,Bronze,female,badminton,208,3
Adiel Palma,Silver,male,baseball,209,4
Alexander Malleta,Silver,male,baseball,210,4
Alexei Bell,Silver,male,baseball,211,4
Alfredo Despaigne,Silver,male,baseball,212,4
Ariel Pestano,Silver,male,baseball,213,4
Blaine Neal,Bronze,male,baseball,214,4
Bong Jung-keun,Gold,male,baseball,215,4
Brandon Knight,Bronze,male,baseball,216,4
Brett Anderson,Bronze,male,baseball,217,4
Brian Barden,Bronze,male,baseball,218,4
Brian Duensing,Bronze,male,baseball,219,4
Casey Weathers,Bronze,male,baseball,220,4
Chong Tae-hyon,Gold,male,baseball,221,4
Dexter Fowler,Bronze,male,baseball,222,4
Eduardo Paret,Silver,male,baseball,223,4
Elier Sánchez,Silver,male,baseball,224,4
Eriel Sánchez,Silver,male,baseball,225,4
Frederich Cepeda,Silver,male,baseball,226,4
Giorvis Duvergel,Silver,male,baseball,227,4
Han Ki-joo,Gold,male,baseball,228,4
Hyun-jin Ryu,Gold,male,baseball,229,4
Héctor Olivera,Silver,male,baseball,230,4
Jake Arrieta,Bronze,male,baseball,231,4
Jang Won-sam,Gold,male,baseball,232,4
Jason Donald,Bronze,male,baseball,233,4
Jayson Nix,Bronze,male,baseball,234,4
Jeff Stevens,Bronze,male,baseball,235,4
Jeong Keun-woo,Gold,male,baseball,236,4
Jeremy Cummings,Bronze,male,baseball,237,4
Jin Kab-yong,Gold,male,baseball,238,4
John Gall,Bronze,male,baseball,239,4
Jonder Martínez,Silver,male,baseball,240,4
Kang Min-ho,Gold,male,baseball,241,4
Kevin Jepsen,Bronze,male,baseball,242,4
Kim Dong-ju,Gold,male,baseball,243,4
Kim Hyun-soo,Gold,male,baseball,244,4
Kim Kwang-hyun,Gold,male,baseball,245,4
Kim Min-jae,Gold,male,baseball,246,4
Ko Young-min,Gold,male,baseball,247,4
Kwon Hyuk,Gold,male,baseball,248,4
Lee Dae-ho,Gold,male,baseball,249,4
Lee Jin-young,Gold,male,baseball,250,4
Lee Jong-wook,Gold,male,baseball,251,4
Lee Seung-yuop,Gold,male,baseball,252,4
Lee Taek-keun,Gold,male,baseball,253,4
Lee Yong-kyu,Gold,male,baseball,254,4
Lou Marson,Bronze,male,baseball,255,4
Luis Miguel Navas,Silver,male,baseball,256,4
Luis Miguel Rodríguez,Silver,male,baseball,257,4
Matt LaPorta,Bronze,male,baseball,258,4
Matthew Brown,Bronze,male,baseball,259,4
Michel Enríquez,Silver,male,baseball,260,4
Miguel Lahera,Silver,male,baseball,261,4
Mike Hessman,Bronze,male,baseball,262,4
Mike Koplove,Bronze,male,baseball,263,4
Nate Schierholtz,Bronze,male,baseball,264,4
Norberto González,Silver,male,baseball,265,4
Norge Luis Vera,Silver,male,baseball,266,4
Oh Seung-hwan,Gold,male,baseball,267,4
Park Jin-man,Gold,male,baseball,268,4
Pedro Luis Lazo,Silver,male,baseball,269,4
Rolando Meriño,Silver,male,baseball,270,4
Song Seung-jun,Gold,male,baseball,271,4
Stephen Strasburg,Bronze,male,baseball,272,4
Taylor Teagarden,Bronze,male,baseball,273,4
Terry Tiffee,Bronze,male,baseball,274,4
Trevor Cahill,Bronze,male,baseball,275,4
Vicyohandri Odelín,Silver,male,baseball,276,4
Yadier Pedroso,Silver,male,baseball,277,4
Yoandry Urgellés,Silver,male,baseball,278,4
Yoon Suk-min,Gold,male,baseball,279,4
Yulieski Gurriel,Silver,male,baseball,280,4
Andrés Nocioni,Bronze,male,basketball,281,5
Antonio Porta,Bronze,male,basketball,282,5
Berni Rodríguez,Silver,male,basketball,283,5
Carlos Boozer,Gold,male,basketball,284,5
Carlos Delfino,Bronze,male,basketball,285,5
Carlos Jiménez,Silver,male,basketball,286,5
Carmelo Anthony,Gold,male,basketball,287,5
Chris Bosh,Gold,male,basketball,288,5
Chris Paul,Gold,male,basketball,289,5
Dwight Howard,Gold,male,basketball,290,5
Dwyane Wade,Gold,male,basketball,291,5
Fabricio Oberto,Bronze,male,basketball,292,5
Federico Kammerichs,Bronze,male,basketball,293,5
Felipe Reyes,Silver,male,basketball,294,5
Jason Kidd,Gold,male,basketball,295,5
Jorge Garbajosa,Silver,male,basketball,296,5
José Calderón,Silver,male,basketball,297,5
Juan Carlos Navarro,Silver,male,basketball,298,5
Juan Pedro Gutiérrez,Bronze,male,basketball,299,5
Kobe Bryant,Gold,male,basketball,300,5
LeBron James,Gold,male,basketball,301,5
Leonardo Gutiérrez,Bronze,male,basketball,302,5
Luis Scola,Bronze,male,basketball,303,5
Manu Ginóbili,Bronze,male,basketball,304,5
Marc Gasol,Silver,male,basketball,305,5
Michael Redd,Gold,male,basketball,306,5
Pablo Prigioni,Bronze,male,basketball,307,5
Paolo Quinteros,Bronze,male,basketball,308,5
Pau Gasol,Silver,male,basketball,309,5
Raül López,Silver,male,basketball,310,5
Ricky Rubio,Silver,male,basketball,311,5
Román González,Bronze,male,basketball,312,5
Rudy Fernández,Silver,male,basketball,313,5
Tayshaun Prince,Gold,male,basketball,314,5
Álex Mumbrú,Silver,male,basketball,315,5
Becky Hammon,Bronze,female,basketball,316,5
Belinda Snell,Silver,female,basketball,317,5
Candace Parker,Gold,female,basketball,318,5
Cappie Pondexter,Gold,female,basketball,319,5
DeLisha Milton-Jones,Gold,female,basketball,320,5
Diana Taurasi,Gold,female,basketball,321,5
Emma Randall,Silver,female,basketball,322,5
Erin Phillips,Silver,female,basketball,323,5
Hollie Grima,Silver,female,basketball,324,5
Ilona Korstin,Bronze,female,basketball,325,5
Irina Osipova,Bronze,female,basketball,326,5
Irina Sokolovskaya,Bronze,female,basketball,327,5
Jenni Screen,Silver,female,basketball,328,5
Kara Lawson,Gold,female,basketball,329,5
Katie Smith,Gold,female,basketball,330,5
Kristi Harrower,Silver,female,basketball,331,5
Laura Summerton,Silver,female,basketball,332,5
Lauren Jackson,Silver,female,basketball,333,5
Lisa Leslie,Gold,female,basketball,334,5
Maria Stepanova,Bronze,female,basketball,335,5
Marina Karpunina,Bronze,female,basketball,336,5
Marina Kuzina,Bronze,female,basketball,337,5
Natalia Vodopyanova,Bronze,female,basketball,338,5
Oxana Rakhmatulina,Bronze,female,basketball,339,5
Penny Taylor,Silver,female,basketball,340,5
Rohanee Cox,Silver,female,basketball,341,5
Seimone Augustus,Gold,female,basketball,342,5
Sue Bird,Gold,female,basketball,343,5
Suzy Batkovic,Silver,female,basketball,344,5
Svetlana Abrosimova,Bronze,female,basketball,345,5
Sylvia Fowles,Gold,female,basketball,346,5
Tamika Catchings,Gold,female,basketball,347,5
Tatiana Shchegoleva,Bronze,female,basketball,348,5
Tina Thompson,Gold,female,basketball,349,5
Tully Bevilaqua,Silver,female,basketball,350,5
Yekaterina Lisina,Bronze,female,basketball,351,5
Aleksei Tishchenko,Gold,male,boxing,352,6
Alexis Vastine,Bronze,male,boxing,353,6
Andry Laffita,Silver,male,boxing,354,6
Bakhyt Sarsekbayev,Gold,male,boxing,355,6
Bruno Julie,Bronze,male,boxing,356,6
Carlos Banteux,Silver,male,boxing,357,6
Clemente Russo,Silver,male,boxing,358,6
Daouda Sow,Silver,male,boxing,359,6
Darren Sutherland,Bronze,male,boxing,360,6
David Price,Bronze,male,boxing,361,6
Deontay Wilder,Bronze,male,boxing,362,6
Emilio Correa,Silver,male,boxing,363,6
Enkhbatyn Badar-Uugan,Gold,male,boxing,364,6
Georgy Balakshin,Bronze,male,boxing,365,6
Hrachik Javakhyan,Bronze,male,boxing,366,6
James DeGale,Gold,male,boxing,367,6
Kanat Islam,Bronze,male,boxing,368,6
Kenny Egan,Silver,male,boxing,369,6
Khedafi Djelkhir,Silver,male,boxing,370,6
Kim Jung-joo,Bronze,male,boxing,371,6
Manuel Félix Díaz,Gold,male,boxing,372,6
Manus Boonjumnong,Silver,male,boxing,373,6
Matthew Luu,Bronze,male,boxing,374,6
Osmay Acosta,Bronze,male,boxing,375,6
Paddy Barnes,Bronze,male,boxing,376,6
Pürevdorjiin Serdamba,Silver,male,boxing,377,6
Rakhim Chakhkiyev,Gold,male,boxing,378,6
Roberto Cammarelle,Gold,male,boxing,379,6
Roniel Iglesias,Bronze,male,boxing,380,6
Shahin Imranov,Bronze,male,boxing,381,6
Somjit Jongjohor,Gold,male,boxing,382,6
Tony Jeffries,Bronze,male,boxing,383,6
Vasyl Lomachenko,Gold,male,boxing,384,6
Veaceslav Gojan,Bronze,male,boxing,385,6
Vijender Singh,Bronze,male,boxing,386,6
Vincenzo Picardi,Bronze,male,boxing,387,6
Yakup Kılıç,Bronze,male,boxing,388,6
Yampier Hernández,Bronze,male,boxing,389,6
Yankiel León,Silver,male,boxing,390,6
Yerkebulan Shynaliyev,Bronze,male,boxing,391,6
Yordenis Ugás,Bronze,male,boxing,392,6
Zhang Xiaoping,Gold,male,boxing,393,6
Zhang Zhilei,Silver,male,boxing,394,6
Zou Shiming,Gold,male,boxing,395,6
Adam van Koeverden,Silver,male,canoeing and kayaking,396,7
Aleksandr Kostoglod,Silver,male,canoeing and kayaking,397,7
Alexander Grimm,Gold,male,canoeing and kayaking,398,7
Aliaksandr Bahdanovich,Gold,male,canoeing and kayaking,399,7
Aliaksei Abalmasau,Gold,male,canoeing and kayaking,400,7
Andrea Facchin,Bronze,male,canoeing and kayaking,401,7
Andreas Ihle,Gold,male,canoeing and kayaking,402,7
Andrei Bahdanovich,Gold,male,canoeing and kayaking,403,7
Antonio Scaduto,Bronze,male,canoeing and kayaking,404,7
Artur Litvinchuk,Gold,male,canoeing and kayaking,405,7
Attila Vajda,Gold,male,canoeing and kayaking,406,7
Benjamin Boukpeti,Bronze,male,canoeing and kayaking,407,7
Björn Goldschmidt,Bronze,male,canoeing and kayaking,408,7
Carlos Pérez Rial,Gold,male,canoeing and kayaking,409,7
Christian Gille,Bronze,male,canoeing and kayaking,410,7
David Cal,Silver,male,canoeing and kayaking,411,7
David Florence,Silver,male,canoeing and kayaking,412,7
Dmitry Larionov,Bronze,male,canoeing and kayaking,413,7
Eirik Verås Larsen,Silver,male,canoeing and kayaking,414,7
Erik Vlček,Silver,male,canoeing and kayaking,415,7
Fabien Lefèvre,Silver,male,canoeing and kayaking,416,7
György Kozmann,Bronze,male,canoeing and kayaking,417,7
Jaroslav Volf,Silver,male,canoeing and kayaking,418,7
Juraj Tarr,Silver,male,canoeing and kayaking,419,7
Ken Wallace,Gold,male,canoeing and kayaking,420,7
Kim Wraae Knudsen,Silver,male,canoeing and kayaking,421,7
Lutz Altepost,Bronze,male,canoeing and kayaking,422,7
Martin Hollstein,Gold,male,canoeing and kayaking,423,7
Maxim Opalev,Gold,male,canoeing and kayaking,424,7
Meng Guanliang,Gold,male,canoeing and kayaking,425,7
Michal Martikán,Gold,male,canoeing and kayaking,426,7
Michal Riszdorfer,Silver,male,canoeing and kayaking,427,7
Mikhail Kuznetsov,Bronze,male,canoeing and kayaking,428,7
Norman Bröckl,Bronze,male,canoeing and kayaking,429,7
Ondřej Štěpánek,Silver,male,canoeing and kayaking,430,7
Pavol Hochschorner,Gold,male,canoeing and kayaking,431,7
Peter Hochschorner,Gold,male,canoeing and kayaking,432,7
Raman Pietrushenka,Bronze,male,canoeing and kayaking,433,7
René Holten Poulsen,Silver,male,canoeing and kayaking,434,7
Richard Riszdorfer,Silver,male,canoeing and kayaking,435,7
Robin Bell,Bronze,male,canoeing and kayaking,436,7
Ronald Rauhe,Silver,male,canoeing and kayaking,437,7
Saúl Craviotto,Gold,male,canoeing and kayaking,438,7
Sergey Ulegin,Silver,male,canoeing and kayaking,439,7
Tamás Kiss,Bronze,male,canoeing and kayaking,440,7
Thomas Hall,Bronze,male,canoeing and kayaking,441,7
Tim Brabants,Bronze,male,canoeing and kayaking,442,7
Tim Wieskötter,Silver,male,canoeing and kayaking,443,7
Tomasz Wylenzek,Bronze,male,canoeing and kayaking,444,7
Torsten Eckbrett,Bronze,male,canoeing and kayaking,445,7
Vadzim Makhneu,Bronze,male,canoeing and kayaking,446,7
Yang Wenjun,Gold,male,canoeing and kayaking,447,7
Yuriy Cheban,Bronze,male,canoeing and kayaking,448,7
Aneta Konieczna,Silver,female,canoeing and kayaking,449,7
Anne-Laure Viard,Bronze,female,canoeing and kayaking,450,7
Beata Mikołajczyk,Silver,female,canoeing and kayaking,451,7
Chantal Meek,Bronze,female,canoeing and kayaking,452,7
Conny Waßmuth,Gold,female,canoeing and kayaking,453,7
Danuta Kozák,Silver,female,canoeing and kayaking,454,7
Elena Kaliská,Gold,female,canoeing and kayaking,455,7
Fanny Fischer,Gold,female,canoeing and kayaking,456,7
Gabriella Szabó,Silver,female,canoeing and kayaking,457,7
Hannah Davis,Bronze,female,canoeing and kayaking,458,7
Inna Osypenko-Radomska,Gold,female,canoeing and kayaking,459,7
Jacqueline Lawrence,Silver,female,canoeing and kayaking,460,7
Josefa Idem,Silver,female,canoeing and kayaking,461,7
Katalin Kovács,Gold,female,canoeing and kayaking,462,7
Katrin Wagner-Augustin,Bronze,female,canoeing and kayaking,463,7
Lisa Oldenhof,Bronze,female,canoeing and kayaking,464,7
Lyndsie Fogarty,Bronze,female,canoeing and kayaking,465,7
Marie Delattre,Bronze,female,canoeing and kayaking,466,7
Natasa Dusev-Janics,Gold,female,canoeing and kayaking,467,7
Nicole Reinhardt,Gold,female,canoeing and kayaking,468,7
Violetta Oblinger-Peters,Bronze,female,canoeing and kayaking,469,7
Alexandr Kolobnev,Bronze,male,road bicycle racing,470,8
Fabian Cancellara,Silver,male,road bicycle racing,471,8
Gustav Larsson,Silver,male,road bicycle racing,472,8
Levi Leipheimer,Bronze,male,road bicycle racing,473,8
Samuel Sánchez,Gold,male,road bicycle racing,474,8
Emma Johansson,Silver,female,road bicycle racing,475,8
Emma Pooley,Silver,female,road bicycle racing,476,8
Karin Thürig,Bronze,female,road bicycle racing,477,8
Kristin Armstrong,Gold,female,road bicycle racing,478,8
Nicole Cooke,Gold,female,road bicycle racing,479,8
Tatiana Guderzo,Bronze,female,road bicycle racing,480,8
Alex Rasmussen,Silver,male,track cycling,481,9
Alexei Markov,Bronze,male,track cycling,482,9
Arnaud Tournant,Silver,male,track cycling,483,9
Bradley Wiggins,Gold,male,track cycling,484,9
Casper Jørgensen,Silver,male,track cycling,485,9
Chris Hoy,Gold,male,track cycling,486,9
Chris Newton,Bronze,male,track cycling,487,9
Ed Clancy,Gold,male,track cycling,488,9
Geraint Thomas,Gold,male,track cycling,489,9
Grégory Baugé,Silver,male,track cycling,490,9
Hayden Roulston,Silver,male,track cycling,491,9
Jamie Staff,Gold,male,track cycling,492,9
Jason Kenny,Silver,male,track cycling,493,9
Jens-Erik Madsen,Silver,male,track cycling,494,9
Jesse Sergent,Bronze,male,track cycling,495,9
Joan Llaneras Roselló,Silver,male,track cycling,496,9
Juan Curuchet,Gold,male,track cycling,497,9
Kiyofumi Nagai,Bronze,male,track cycling,498,9
Kévin Sireau,Silver,male,track cycling,499,9
Marc Ryan,Bronze,male,track cycling,500,9
Maximilian Levy,Bronze,male,track cycling,501,9
Michael Færk Christensen,Silver,male,track cycling,502,9
Michael Mørkøv,Silver,male,track cycling,503,9
Mickaël Bourgain,Bronze,male,track cycling,504,9
Mikhail Ignatiev,Bronze,male,track cycling,505,9
Paul Manning,Gold,male,track cycling,506,9
René Enders,Bronze,male,track cycling,507,9
Roger Kluge,Silver,male,track cycling,508,9
Ross Edgar,Silver,male,track cycling,509,9
Sam Bewley,Bronze,male,track cycling,510,9
Stefan Nimke,Bronze,male,track cycling,511,9
Steven Burke,Bronze,male,track cycling,512,9
Toni Tauler,Silver,male,track cycling,513,9
Walter Pérez,Gold,male,track cycling,514,9
Westley Gough,Bronze,male,track cycling,515,9
Anna Meares,Silver,female,track cycling,516,9
Guo Shuang,Bronze,female,track cycling,517,9
Leire Olaberria,Bronze,female,track cycling,518,9
Lesya Kalytovska,Bronze,female,track cycling,519,9
Marianne Vos,Gold,female,track cycling,520,9
Rebecca Romero,Gold,female,track cycling,521,9
Victoria Pendleton,Gold,female,track cycling,522,9
Wendy Houvenaghel,Silver,female,track cycling,523,9
Yoanka González,Silver,female,track cycling,524,9
Jean-Christophe Péraud,Silver,male,mountain biking,525,10
Julien Absalon,Gold,male,mountain biking,526,10
Nino Schurter,Bronze,male,mountain biking,527,10
Irina Kalentieva,Bronze,female,mountain biking,528,10
Maja Włoszczowska,Silver,female,mountain biking,529,10
Sabine Spitz,Gold,female,mountain biking,530,10
Donny Robinson,Bronze,male,bmx,531,11
Mike Day,Silver,male,bmx,532,11
Māris Štrombergs,Gold,male,bmx,533,11
Anne-Caroline Chausson,Gold,female,bmx,534,11
Jill Kintner,Bronze,female,bmx,535,11
Laëtitia Le Corguillé,Silver,female,bmx,536,11
Alexandre Despatie,Silver,male,diving,537,12
Dmitri Sautin,Silver,male,diving,538,12
Dmitriy Dobroskok,Bronze,male,diving,539,12
Gleb Galperin,Bronze,male,diving,540,12
He Chong,Gold,male,diving,541,12
Huo Liang,Gold,male,diving,542,12
Illya Kvasha,Bronze,male,diving,543,12
Lin Yue,Gold,male,diving,544,12
Matthew Mitcham,Gold,male,diving,545,12
Oleksiy Pryhorov,Bronze,male,diving,546,12
Patrick Hausding,Silver,male,diving,547,12
Qin Kai,Bronze,male,diving,548,12
Sascha Klein,Silver,male,diving,549,12
Wang Feng,Gold,male,diving,550,12
Yuriy Kunakov,Silver,male,diving,551,12
Zhou Lüxin,Silver,male,diving,552,12
Anastasia Pozdniakova,Silver,female,diving,553,12
Briony Cole,Silver,female,diving,554,12
Chen Ruolin,Gold,female,diving,555,12
Ditte Kotzian,Bronze,female,diving,556,12
Guo Jingjing,Gold,female,diving,557,12
Heike Fischer,Bronze,female,diving,558,12
Melissa Wu,Silver,female,diving,559,12
Paola Espinosa,Bronze,female,diving,560,12
Tatiana Ortiz,Bronze,female,diving,561,12
Wang Xin,Bronze,female,diving,562,12
Wu Minxia,Bronze,female,diving,563,12
Yuliya Pakhalina,Silver,female,diving,564,12
Émilie Heymans,Silver,female,diving,565,12
Anky van Grunsven,Gold,female,equestrian sport,566,13
Anne van Olst,Bronze,female,equestrian sport,567,13
Beezie Madden,Bronze,female,equestrian sport,568,13
Christina Liebherr,Bronze,female,equestrian sport,569,13
Daisy Dick,Bronze,female,equestrian sport,570,13
Gina Miles,Silver,female,equestrian sport,571,13
Heike Kemmer,Bronze,female,equestrian sport,572,13
Imke Bartels,Silver,female,equestrian sport,573,13
Ingrid Klimke,Gold,female,equestrian sport,574,13
Isabell Werth,Silver,female,equestrian sport,575,13
Jill Henselwood,Silver,female,equestrian sport,576,13
Kristina Cook,Bronze,female,equestrian sport,577,13
Laura Kraut,Gold,female,equestrian sport,578,13
Lucinda Fredericks,Silver,female,equestrian sport,579,13
Mary King,Bronze,female,equestrian sport,580,13
Megan Jones,Silver,female,equestrian sport,581,13
Nadine Capellmann,Gold,female,equestrian sport,582,13
Princess Nathalie of Sayn-Wittgenstein-Berleburg,Bronze,female,equestrian sport,583,13
Sharon Hunt,Bronze,female,equestrian sport,584,13
Sonja Johnson,Silver,female,equestrian sport,585,13
Andreas Dibowski,Gold,male,equestrian sport,586,13
Andreas Helgstrand,Bronze,male,equestrian sport,587,13
Clayton Fredericks,Silver,male,equestrian sport,588,13
Eric Lamaze,Gold,male,equestrian sport,589,13
Frank Ostholt,Gold,male,equestrian sport,590,13
Hans Peter Minderhoud,Silver,male,equestrian sport,591,13
Hinrich Romeike,Gold,male,equestrian sport,592,13
Ian Millar,Silver,male,equestrian sport,593,13
Mac Cone,Silver,male,equestrian sport,594,13
McLain Ward,Gold,male,equestrian sport,595,13
Niklaus Schurtenberger,Bronze,male,equestrian sport,596,13
Peter Thomsen,Gold,male,equestrian sport,597,13
Pius Schwizer,Bronze,male,equestrian sport,598,13
Rolf-Göran Bengtsson,Silver,male,equestrian sport,599,13
Shane Rose,Silver,male,equestrian sport,600,13
Steve Guerdat,Bronze,male,equestrian sport,601,13
Will Simpson,Gold,male,equestrian sport,602,13
William Fox-Pitt,Bronze,male,equestrian sport,603,13
Adam Wiercioch,Silver,male,fencing,604,14
Aldo Montano,Bronze,male,fencing,605,14
Alfredo Rota,Bronze,male,fencing,606,14
Benjamin Kleibrink,Gold,male,fencing,607,14
Boris Sanson,Gold,male,fencing,608,14
Diego Confalonieri,Bronze,male,fencing,609,14
Diego Occhiuzzi,Bronze,male,fencing,610,14
Fabrice Jeannet,Silver,male,fencing,611,14
Gianpiero Pastore,Bronze,male,fencing,612,14
James Leighman Williams,Silver,male,fencing,613,14
Jason Rogers,Silver,male,fencing,614,14
José Luis Abajo,Bronze,male,fencing,615,14
Julien Pillet,Gold,male,fencing,616,14
Jérôme Jeannet,Gold,male,fencing,617,14
Keeth Smart,Silver,male,fencing,618,14
Luigi Tarantino,Bronze,male,fencing,619,14
Matteo Tagliariol,Gold,male,fencing,620,14
Mihai Covaliu,Bronze,male,fencing,621,14
Nicolas Lopez,Silver,male,fencing,622,14
Radosław Zawrotniak,Silver,male,fencing,623,14
Robert Andrzejuk,Silver,male,fencing,624,14
Salvatore Sanzo,Bronze,male,fencing,625,14
Stefano Carozzo,Bronze,male,fencing,626,14
Tim Morehouse,Silver,male,fencing,627,14
Tomasz Motyka,Silver,male,fencing,628,14
Ulrich Robeiri,Gold,male,fencing,629,14
Yūki Ōta,Silver,male,fencing,630,14
Zhong Man,Gold,male,fencing,631,14
Aida Shanayeva,Gold,female,fencing,632,14
Ana Maria Popescu,Silver,female,fencing,633,14
Bao Yingying,Silver,female,fencing,634,14
Britta Heidemann,Gold,female,fencing,635,14
Emily Cross,Silver,female,fencing,636,14
Erinn Smart,Silver,female,fencing,637,14
Giovanna Trillini,Bronze,female,fencing,638,14
Halyna Pundyk,Gold,female,fencing,639,14
Hanna Thompson,Silver,female,fencing,640,14
Huang Haiyang,Silver,female,fencing,641,14
Ilaria Salvatori,Bronze,female,fencing,642,14
Ildikó Mincza-Nébald,Bronze,female,fencing,643,14
Margherita Granbassi,Bronze,female,fencing,644,14
Mariel Zagunis,Gold,female,fencing,645,14
Nam Hyun-Hee,Silver,female,fencing,646,14
Ni Hong,Silver,female,fencing,647,14
Olena Khomrova,Gold,female,fencing,648,14
Olha Kharlan,Gold,female,fencing,649,14
Olha Zhovnir,Gold,female,fencing,650,14
Rebecca Ward,Bronze,female,fencing,651,14
Sada Jacobson,Silver,female,fencing,652,14
Svetlana Boiko,Gold,female,fencing,653,14
Tan Xue,Silver,female,fencing,654,14
Valentina Vezzali,Gold,female,fencing,655,14
Viktoria Nikishina,Gold,female,fencing,656,14
Yevgeniya Lamonova,Gold,female,fencing,657,14
Albert Sala,Silver,male,field hockey,658,15
Alex Fàbregas,Silver,male,field hockey,659,15
Andrew Smith,Bronze,male,field hockey,660,15
Benjamin Weß,Gold,male,field hockey,661,15
Bevan George,Bronze,male,field hockey,662,15
Carlos Nevado,Gold,male,field hockey,663,15
Christopher Zeller,Gold,male,field hockey,664,15
David Alegre,Silver,male,field hockey,665,15
David Guest,Bronze,male,field hockey,666,15
Des Abbott,Bronze,male,field hockey,667,15
Eddie Ockenden,Bronze,male,field hockey,668,15
Eduard Arbós,Silver,male,field hockey,669,15
Eduard Tubau,Silver,male,field hockey,670,15
Eli Matheson,Bronze,male,field hockey,671,15
Fergus Kavanagh,Bronze,male,field hockey,672,15
Florian Keller,Gold,male,field hockey,673,15
Francisco Cortés,Silver,male,field hockey,674,15
Francisco Fábregas Monegal,Silver,male,field hockey,675,15
Grant Schubert,Bronze,male,field hockey,676,15
Jamie Dwyer,Bronze,male,field hockey,677,15
Jan-Marco Montag,Gold,male,field hockey,678,15
Juan Fernández La Villa,Silver,male,field hockey,679,15
Kiel Brown,Bronze,male,field hockey,680,15
Liam de Young,Bronze,male,field hockey,681,15
Luke Doerner,Bronze,male,field hockey,682,15
Mark Knowles,Bronze,male,field hockey,683,15
Matthew Wells,Bronze,male,field hockey,684,15
Matthias Witthaus,Gold,male,field hockey,685,15
Max Weinhold,Gold,male,field hockey,686,15
Maximilian Müller,Gold,male,field hockey,687,15
Moritz Fürste,Gold,male,field hockey,688,15
Niklas Meinert,Gold,male,field hockey,689,15
Oliver Korn,Gold,male,field hockey,690,15
Philip Witte,Gold,male,field hockey,691,15
Philipp Zeller,Gold,male,field hockey,692,15
Pol Amat,Silver,male,field hockey,693,15
Ramón Alegre,Silver,male,field hockey,694,15
Robert Hammond,Bronze,male,field hockey,695,15
Roc Oliva,Silver,male,field hockey,696,15
Rodrigo Garza,Silver,male,field hockey,697,15
Santi Freixa,Silver,male,field hockey,698,15
Sebastian Biederlack,Gold,male,field hockey,699,15
Sergi Enrique,Silver,male,field hockey,700,15
Stephen Lambert,Bronze,male,field hockey,701,15
Tibor Weißenborn,Gold,male,field hockey,702,15
Timo Weß,Gold,male,field hockey,703,15
Tobias Hauke,Gold,male,field hockey,704,15
Travis Brooks,Bronze,male,field hockey,705,15
Víctor Sojo,Silver,male,field hockey,706,15
Xavier Ribas,Silver,male,field hockey,707,15
Alejandra Gulla,Bronze,female,field hockey,708,15
Belén Succi,Bronze,female,field hockey,709,15
Carla Rebecchi,Bronze,female,field hockey,710,15
Chen Qiuqi,Silver,female,field hockey,711,15
Chen Zhaoxia,Silver,female,field hockey,712,15
Cheng Hui,Silver,female,field hockey,713,15
Claudia Burkart,Bronze,female,field hockey,714,15
Eefke Mulder,Gold,female,field hockey,715,15
Ellen Hoog,Gold,female,field hockey,716,15
Eva de Goede,Gold,female,field hockey,717,15
Fatima Moreira de Melo,Gold,female,field hockey,718,15
Fu Baorong,Silver,female,field hockey,719,15
Gao Lihua,Silver,female,field hockey,720,15
Giselle Kañevsky,Bronze,female,field hockey,721,15
Huang Junxia,Silver,female,field hockey,722,15
Janneke Schopman,Gold,female,field hockey,723,15
Li Hongxia,Silver,female,field hockey,724,15
Li Shuang,Silver,female,field hockey,725,15
Lidewij Welten,Gold,female,field hockey,726,15
Lisanne de Roever,Gold,female,field hockey,727,15
Luciana Aymar,Bronze,female,field hockey,728,15
Ma Yibo,Silver,female,field hockey,729,15
Maartje Goderie,Gold,female,field hockey,730,15
Maartje Paumen,Gold,female,field hockey,731,15
Magdalena Aicega,Bronze,female,field hockey,732,15
Mariana González Oliva,Bronze,female,field hockey,733,15
Mariana Rossi,Bronze,female,field hockey,734,15
Marilyn Agliotti,Gold,female,field hockey,735,15
Mariné Russo,Bronze,female,field hockey,736,15
María de la Paz Hernández,Bronze,female,field hockey,737,15
Mercedes Margalot,Bronze,female,field hockey,738,15
Miek van Geenhuizen,Gold,female,field hockey,739,15
Minke Booij,Gold,female,field hockey,740,15
Minke Smeets,Gold,female,field hockey,741,15
Naomi van As,Gold,female,field hockey,742,15
Noel Barrionuevo,Bronze,female,field hockey,743,15
Pan Fengzhen,Silver,female,field hockey,744,15
Paola Vukojicic,Bronze,female,field hockey,745,15
Ren Ye,Silver,female,field hockey,746,15
Rosario Luchetti,Bronze,female,field hockey,747,15
Soledad García,Bronze,female,field hockey,748,15
Song Qingling,Silver,female,field hockey,749,15
Sophie Polkamp,Gold,female,field hockey,750,15
Tang Chunling,Silver,female,field hockey,751,15
Wieke Dijkstra,Gold,female,field hockey,752,15
Zhang Yimeng,Silver,female,field hockey,753,15
Zhao Yudiao,Silver,female,field hockey,754,15
Zhou Wanfeng,Silver,female,field hockey,755,15
Alex Sandro da Silva,Bronze,male,association football,756,16
Alexandre Pato,Bronze,male,association football,757,16
Ambruse Vanzekin,Silver,male,association football,758,16
Anderson,Bronze,male,association football,759,16
Breno Borges,Bronze,male,association football,760,16
Chibuzor Okonkwo,Silver,male,association football,761,16
Chinedu Obasi,Silver,male,association football,762,16
Dele Adeleye,Silver,male,association football,763,16
Diego Alves,Bronze,male,association football,764,16
Diego Buonanotte,Gold,male,association football,765,16
Diego Ribas da Cunha,Bronze,male,association football,766,16
Efe Ambrose,Silver,male,association football,767,16
Emmanuel Ekpo,Silver,male,association football,768,16
Ezequiel Garay,Gold,male,association football,769,16
Ezequiel Lavezzi,Gold,male,association football,770,16
Federico Fazio,Gold,male,association football,771,16
Fernando Gago,Gold,male,association football,772,16
Hernanes,Bronze,male,association football,773,16
Ikechukwu Ezenwa,Silver,male,association football,774,16
Ilsinho,Bronze,male,association football,775,16
Isaac Promise,Silver,male,association football,776,16
Javier Mascherano,Gold,male,association football,777,16
José Sosa,Gold,male,association football,778,16
Juan Román Riquelme,Gold,male,association football,779,16
Jô,Bronze,male,association football,780,16
Lautaro Acosta,Gold,male,association football,781,16
Lionel Messi,Gold,male,association football,782,16
Lucas Leiva,Bronze,male,association football,783,16
Luciano Fabián Monzón,Gold,male,association football,784,16
Marcel,Bronze,male,association football,785,16
Monday James,Silver,male,association football,786,16
Nicolás Navarro,Gold,male,association football,787,16
Nicolás Pareja,Gold,male,association football,788,16
Oladapo Olufemi,Silver,male,association football,789,16
Olubayo Adefemi,Silver,male,association football,790,16
Oluwafemi Ajilore,Silver,male,association football,791,16
Onyekachi Apam,Silver,male,association football,792,16
Oscar Ustari,Gold,male,association football,793,16
Pablo Zabaleta,Gold,male,association football,794,16
Peter Odemwingie,Silver,male,association football,795,16
Rafael Sóbis,Bronze,male,association football,796,16
Rafinha,Bronze,male,association football,797,16
Ramires,Bronze,male,association football,798,16
Renan Brito Soares,Bronze,male,association football,799,16
Ronaldinho,Bronze,male,association football,800,16
Sani Kaita,Silver,male,association football,801,16
Sergio Agüero,Gold,male,association football,802,16
Sergio Romero,Gold,male,association football,803,16
Solomon Okoronkwo,Silver,male,association football,804,16
Thiago Neves,Bronze,male,association football,805,16
Thiago Silva,Bronze,male,association football,806,16
Victor Anichebe,Silver,male,association football,807,16
Victor Obinna,Silver,male,association football,808,16
Ángel Di María,Gold,male,association football,809,16
Éver Banega,Gold,male,association football,810,16
Aly Wagner,Gold,female,association football,811,16
Amy Rodriguez,Gold,female,association football,812,16
Andréia Rosa,Silver,female,association football,813,16
Andréia Suntaque,Silver,female,association football,814,16
Angela Hucles,Gold,female,association football,815,16
Anja Mittag,Bronze,female,association football,816,16
Annike Krahn,Bronze,female,association football,817,16
Ariane Hingst,Bronze,female,association football,818,16
Babett Peter,Bronze,female,association football,819,16
Birgit Prinz,Bronze,female,association football,820,16
Bárbara Micheline do Monte Barbosa,Silver,female,association football,821,16
Carli Lloyd,Gold,female,association football,822,16
Christie Pearce,Gold,female,association football,823,16
Conny Pohlers,Bronze,female,association football,824,16
Cristiane Rozeira,Silver,female,association football,825,16
Célia Šašić,Bronze,female,association football,826,16
Daniela Alves Lima,Silver,female,association football,827,16
Ester,Silver,female,association football,828,16
Fabiana Simões,Silver,female,association football,829,16
Fatmire Alushi,Bronze,female,association football,830,16
Formiga,Silver,female,association football,831,16
Francielle,Silver,female,association football,832,16
Heather Mitts,Gold,female,association football,833,16
Heather O'Reilly,Gold,female,association football,834,16
Hope Solo,Gold,female,association football,835,16
Kate Markgraf,Gold,female,association football,836,16
Kerstin Garefrekes,Bronze,female,association football,837,16
Kerstin Stegemann,Bronze,female,association football,838,16
Lauren Holiday,Gold,female,association football,839,16
Linda Bresonik,Bronze,female,association football,840,16
Lindsay Tarpley,Gold,female,association football,841,16
Lori Chalupny,Gold,female,association football,842,16
Marta,Silver,female,association football,843,16
Maurine Dornelles Gonçalves,Silver,female,association football,844,16
Maycon,Silver,female,association football,845,16
Melanie Behringer,Bronze,female,association football,846,16
Nadine Angerer,Bronze,female,association football,847,16
Natasha Kai,Gold,female,association football,848,16
Nicole Barnhart,Gold,female,association football,849,16
Pretinha,Silver,female,association football,850,16
Rachel van Hollebeke,Gold,female,association football,851,16
Renata Costa,Silver,female,association football,852,16
Renate Lingor,Bronze,female,association football,853,16
Rosana dos Santos Augusto,Silver,female,association football,854,16
Sandra Smisek,Bronze,female,association football,855,16
Saskia Bartusiak,Bronze,female,association football,856,16
Shannon Boxx,Gold,female,association football,857,16
Simone Gomes Jatobá,Silver,female,association football,858,16
Simone Laudehr,Bronze,female,association football,859,16
Stephanie Cox,Gold,female,association football,860,16
Tobin Heath,Gold,female,association football,861,16
Tânia Maria Pereira Ribeiro,Silver,female,association football,862,16
Ursula Holl,Bronze,female,association football,863,16
Érika Cristiano dos Santos,Silver,female,association football,864,16
Alexander Artemev,Bronze,male,artistic gymnastics,865,17
Anton Fokin,Bronze,male,artistic gymnastics,866,17
Anton Golotsutskov,Bronze,male,artistic gymnastics,867,17
Benoît Caranobe,Bronze,male,artistic gymnastics,868,17
Chen Yibing,Gold,male,artistic gymnastics,869,17
Fabian Hambüchen,Bronze,male,artistic gymnastics,870,17
Filip Ude,Silver,male,artistic gymnastics,871,17
Gervasio Deferr,Silver,male,artistic gymnastics,872,17
Hiroyuki Tomita,Silver,male,artistic gymnastics,873,17
Huang Xu,Gold,male,artistic gymnastics,874,17
Jonathan Horton,Bronze,male,artistic gymnastics,875,17
Joseph Hagerty,Bronze,male,artistic gymnastics,876,17
Justin Spring,Bronze,male,artistic gymnastics,877,17
Kevin Tan,Bronze,male,artistic gymnastics,878,17
Koki Sakamoto,Silver,male,artistic gymnastics,879,17
Kōhei Uchimura,Silver,male,artistic gymnastics,880,17
Leszek Blanik,Gold,male,artistic gymnastics,881,17
Li Xiaopeng,Gold,male,artistic gymnastics,882,17
Louis Smith,Bronze,male,artistic gymnastics,883,17
Makoto Okiguchi,Silver,male,artistic gymnastics,884,17
Oleksandr Vorobiov,Bronze,male,artistic gymnastics,885,17
Raj Bhavsar,Bronze,male,artistic gymnastics,886,17
Takehiro Kashima,Silver,male,artistic gymnastics,887,17
Takuya Nakase,Silver,male,artistic gymnastics,888,17
Thomas Bouhail,Silver,male,artistic gymnastics,889,17
Xiao Qin,Gold,male,artistic gymnastics,890,17
Yang Wei,Gold,male,artistic gymnastics,891,17
Yoo Won-chul,Silver,male,artistic gymnastics,892,17
Zou Kai,Gold,male,artistic gymnastics,893,17
Alicia Sacramone,Silver,female,artistic gymnastics,894,17
Anamaria Tămârjan,Bronze,female,artistic gymnastics,895,17
Andreea Acatrinei,Bronze,female,artistic gymnastics,896,17
Andreea Grigore,Bronze,female,artistic gymnastics,897,17
Bridget Sloan,Silver,female,artistic gymnastics,898,17
Chellsie Memmel,Silver,female,artistic gymnastics,899,17
Cheng Fei,Gold,female,artistic gymnastics,900,17
Deng Linlin,Gold,female,artistic gymnastics,901,17
Gabriela Drăgoi,Bronze,female,artistic gymnastics,902,17
He Kexin,Gold,female,artistic gymnastics,903,17
Hong Un-jong,Gold,female,artistic gymnastics,904,17
Jiang Yuyuan,Gold,female,artistic gymnastics,905,17
Li Shanshan,Gold,female,artistic gymnastics,906,17
Nastia Liukin,Gold,female,artistic gymnastics,907,17
Oksana Chusovitina,Silver,female,artistic gymnastics,908,17
Samantha Peszek,Silver,female,artistic gymnastics,909,17
Sandra Izbașa,Bronze,female,artistic gymnastics,910,17
Shawn Johnson East,Silver,female,artistic gymnastics,911,17
Steliana Nistor,Bronze,female,artistic gymnastics,912,17
Yang Yilin,Bronze,female,artistic gymnastics,913,17
Alina Tumilovich,Bronze,female,rhythmic gymnastics,914,18
Anastasia Ivankova,Bronze,female,rhythmic gymnastics,915,18
Anna Bessonova,Bronze,female,rhythmic gymnastics,916,18
Anna Gavrilenko,Gold,female,rhythmic gymnastics,917,18
Cai Tong-Tong,Silver,female,rhythmic gymnastics,918,18
Chou Tao,Silver,female,rhythmic gymnastics,919,18
Daria Shkurikhina,Gold,female,rhythmic gymnastics,920,18
Glafira Martinovich,Bronze,female,rhythmic gymnastics,921,18
Inna Zhukova,Silver,female,rhythmic gymnastics,922,18
Ksenia Sankovich,Bronze,female,rhythmic gymnastics,923,18
Lü Yuanyang,Silver,female,rhythmic gymnastics,924,18
Margarita Aliychuk,Gold,female,rhythmic gymnastics,925,18
Natalia Zuyeva,Gold,female,rhythmic gymnastics,926,18
Olesya Babushkina,Bronze,female,rhythmic gymnastics,927,18
Sui Jianshuang,Silver,female,rhythmic gymnastics,928,18
Sun Dan,Silver,female,rhythmic gymnastics,929,18
Tatiana Gorbunova,Gold,female,rhythmic gymnastics,930,18
Yelena Posevina,Gold,female,rhythmic gymnastics,931,18
Yevgeniya Kanayeva,Gold,female,rhythmic gymnastics,932,18
Zhang Shuo,Silver,female,rhythmic gymnastics,933,18
Zinaida Lunina,Bronze,female,rhythmic gymnastics,934,18
Dong Dong,Bronze,male,trampoline gymnastics,935,19
Jason Burnett,Silver,male,trampoline gymnastics,936,19
Lu Chunlong,Gold,male,trampoline gymnastics,937,19
Ekaterina Khilko,Bronze,female,trampoline gymnastics,938,19
He Wenna,Gold,female,trampoline gymnastics,939,19
Karen Cockburn,Silver,female,trampoline gymnastics,940,19
Albert Rocas,Bronze,male,handball,941,20
Alberto Entrerríos,Bronze,male,handball,942,20
Alexander Petersson,Silver,male,handball,943,20
Arnór Atlason,Silver,male,handball,944,20
Bertrand Gille,Gold,male,handball,945,20
Björgvin Páll Gústavsson,Silver,male,handball,946,20
Carlos Prieto Martos,Bronze,male,handball,947,20
Christophe Kempé,Gold,male,handball,948,20
Cristian Malmagro,Bronze,male,handball,949,20
Cédric Burdet,Gold,male,handball,950,20
Cédric Paty,Gold,male,handball,951,20
Daniel Narcisse,Gold,male,handball,952,20
Daouda Karaboué,Gold,male,handball,953,20
David Barrufet,Bronze,male,handball,954,20
David Davis,Bronze,male,handball,955,20
Demetrio Lozano,Bronze,male,handball,956,20
Didier Dinart,Gold,male,handball,957,20
Guillaume Gille,Gold,male,handball,958,20
Guðjón Valur Sigurðsson,Silver,male,handball,959,20
Hreiðar Guðmundsson,Silver,male,handball,960,20
Iker Romero,Bronze,male,handball,961,20
Ingimundur Ingimundarson,Silver,male,handball,962,20
Jon Belaustegui,Bronze,male,handball,963,20
José Javier Hombrados,Bronze,male,handball,964,20
Joël Abati,Gold,male,handball,965,20
Juanín García,Bronze,male,handball,966,20
Jérôme Fernandez,Gold,male,handball,967,20
Logi Geirsson,Silver,male,handball,968,20
Luc Abalo,Gold,male,handball,969,20
Michaël Guigou,Gold,male,handball,970,20
Nikola Karabatić,Gold,male,handball,971,20
Olivier Girault,Gold,male,handball,972,20
Raúl Entrerríos,Bronze,male,handball,973,20
Rubén Garabaya,Bronze,male,handball,974,20
Róbert Gunnarsson,Silver,male,handball,975,20
Sigfús Sigurðsson,Silver,male,handball,976,20
Snorri Guðjónsson,Silver,male,handball,977,20
Sturla Ásgeirsson,Silver,male,handball,978,20
Sverre Andreas Jakobsson,Silver,male,handball,979,20
Thierry Omeyer,Gold,male,handball,980,20
Víctor Tomás,Bronze,male,handball,981,20
Ásgeir Örn Hallgrímsson,Silver,male,handball,982,20
Ólafur Stefánsson,Silver,male,handball,983,20
An Jung-Hwa,Bronze,female,handball,984,20
Anna Kareyeva,Silver,female,handball,985,20
Bae Min-hee,Bronze,female,handball,986,20
Choi Im-jeong,Bronze,female,handball,987,20
Else-Marthe Sørlie Lybekk,Gold,female,handball,988,20
Emiliya Turey,Silver,female,handball,989,20
Gro Hammerseng-Edin,Gold,female,handball,990,20
Gøril Snorroeggen,Gold,female,handball,991,20
Hong Jeong-ho,Bronze,female,handball,992,20
Huh Soon-young,Bronze,female,handball,993,20
Inna Suslina,Silver,female,handball,994,20
Irina Bliznova,Silver,female,handball,995,20
Irina Dibirova,Silver,female,handball,996,20
Kari Aalvik Grimsbø,Gold,female,handball,997,20
Kari Mette Johansen,Gold,female,handball,998,20
Karoline Dyhre Breivang,Gold,female,handball,999,20
Katja Nyberg,Gold,female,handball,1000,20
Katrine Lunde,Gold,female,handball,1001,20
Kim Cha-youn,Bronze,female,handball,1002,20
Kim Nam-sun,Bronze,female,handball,1003,20
Kim On-a,Bronze,female,handball,1004,20
Kristine Lunde-Borgersen,Gold,female,handball,1005,20
Lee Min-hee,Bronze,female,handball,1006,20
Linn-Kristin Riegelhuth Koren,Gold,female,handball,1007,20
Lyudmila Postnova,Silver,female,handball,1008,20
Maria Sidorova,Silver,female,handball,1009,20
Marit Malm Frafjord,Gold,female,handball,1010,20
Moon Pil-hee,Bronze,female,handball,1011,20
Natalia Shipilova,Silver,female,handball,1012,20
Oh Seong-ok,Bronze,female,handball,1013,20
Oh Yong-ran,Bronze,female,handball,1014,20
Oxana Romenskaya,Silver,female,handball,1015,20
Park Chung-hee,Bronze,female,handball,1016,20
Ragnhild Aamodt,Gold,female,handball,1017,20
Song Hai-rim,Bronze,female,handball,1018,20
Tonje Larsen,Gold,female,handball,1019,20
Tonje Nøstvold,Gold,female,handball,1020,20
Yana Uskova,Silver,female,handball,1021,20
Yekaterina Andryushina,Silver,female,handball,1022,20
Yekaterina Marennikova,Silver,female,handball,1023,20
Yelena Dmitriyeva,Silver,female,handball,1024,20
Yelena Polenova,Silver,female,handball,1025,20
Abdullo Tangriev,Silver,male,judo,1026,21
Amar Benikhlef,Silver,male,judo,1027,21
Askhat Zhitkeyev,Silver,male,judo,1028,21
Benjamin Darbelet,Silver,male,judo,1029,21
Choi Min-ho,Gold,male,judo,1030,21
Elnur Mammadli,Gold,male,judo,1031,21
Henk Grol,Bronze,male,judo,1032,21
Hesham Mesbah,Bronze,male,judo,1033,21
Irakli Tsirekidze,Gold,male,judo,1034,21
Kim Jae-bum,Silver,male,judo,1035,21
Leandro Guilheiro,Bronze,male,judo,1036,21
Ludwig Paischer,Silver,male,judo,1037,21
Masato Uchishiba,Gold,male,judo,1038,21
Movlud Miraliyev,Bronze,male,judo,1039,21
Naidangiin Tüvshinbayar,Gold,male,judo,1040,21
Ole Bischof,Gold,male,judo,1041,21
Pak Chol-Min,Bronze,male,judo,1042,21
Rasul Boqiev,Bronze,male,judo,1043,21
Rishod Sobirov,Bronze,male,judo,1044,21
Roman Hontyuk,Bronze,male,judo,1045,21
Ruben Houkes,Bronze,male,judo,1046,21
Satoshi Ishii,Gold,male,judo,1047,21
Sergei Aschwanden,Bronze,male,judo,1048,21
Teddy Riner,Bronze,male,judo,1049,21
Tiago Camilo,Bronze,male,judo,1050,21
Wang Ki-chun,Silver,male,judo,1051,21
Yordanis Arencibia,Bronze,male,judo,1052,21
Óscar Brayson,Bronze,male,judo,1053,21
Alina Dumitru,Gold,female,judo,1054,21
An Kum-ae,Silver,female,judo,1055,21
Anaysi Hernández,Silver,female,judo,1056,21
Ayumi Tanimoto,Gold,female,judo,1057,21
Deborah Gravenstijn,Silver,female,judo,1058,21
Edith Bosch,Bronze,female,judo,1059,21
Elisabeth Willeboordse,Bronze,female,judo,1060,21
Giulia Quintavalle,Gold,female,judo,1061,21
Idalys Ortiz,Bronze,female,judo,1062,21
Jeong Gyeong-mi,Bronze,female,judo,1063,21
Ketleyn Quadros,Bronze,female,judo,1064,21
Lucie Décosse,Silver,female,judo,1065,21
Lucija Polavder,Bronze,female,judo,1066,21
Maki Tsukada,Silver,female,judo,1067,21
Masae Ueno,Gold,female,judo,1068,21
Misato Nakamura,Bronze,female,judo,1069,21
Paula Pareto,Bronze,female,judo,1070,21
Ronda Rousey,Bronze,female,judo,1071,21
Ryoko Tani,Bronze,female,judo,1072,21
Soraya Haddad,Bronze,female,judo,1073,21
Stéphanie Possamaï,Bronze,female,judo,1074,21
Tong Wen,Gold,female,judo,1075,21
Won Ok-Im,Bronze,female,judo,1076,21
Xian Dongmei,Gold,female,judo,1077,21
Xu Yan,Bronze,female,judo,1078,21
Yalennis Castillo,Silver,female,judo,1079,21
Yanet Bermoy,Silver,female,judo,1080,21
Yang Xiuli,Gold,female,judo,1081,21
Andrejus Zadneprovskis,Bronze,male,modern pentathlon,1082,22
Andrey Moiseyev,Gold,male,modern pentathlon,1083,22
Edvinas Krungolcas,Silver,male,modern pentathlon,1084,22
Heather Fell,Silver,female,modern pentathlon,1085,22
Lena Schöneborn,Gold,female,modern pentathlon,1086,22
Acer Nethercott,Silver,male,rowing,1087,23
Adam Korol,Gold,male,rowing,1088,23
Adam Kreek,Gold,male,rowing,1089,23
Alastair Heathcote,Silver,male,rowing,1090,23
Alex Partridge,Silver,male,rowing,1091,23
Andrew Byrnes,Gold,male,rowing,1092,23
Andrew Triggs Hodge,Gold,male,rowing,1093,23
Bartłomiej Pawełczak,Silver,male,rowing,1094,23
Beau Hoopman,Bronze,male,rowing,1095,23
Ben Rutledge,Gold,male,rowing,1096,23
Benjamin Rondeau,Bronze,male,rowing,1097,23
Brian Price,Gold,male,rowing,1098,23
Bryan Volpenhein,Bronze,male,rowing,1099,23
Cameron McKenzie-McHarg,Silver,male,rowing,1100,23
Colin Smith,Silver,male,rowing,1101,23
Cédric Berrest,Bronze,male,rowing,1102,23
Daniel Walsh,Bronze,male,rowing,1103,23
David Calder,Silver,male,rowing,1104,23
David Crawshay,Gold,male,rowing,1105,23
Dimitris Mougios,Silver,male,rowing,1106,23
Dominic Seiterle,Gold,male,rowing,1107,23
Dorian Mortelette,Bronze,male,rowing,1108,23
Drew Ginn,Gold,male,rowing,1109,23
Duncan Free,Gold,male,rowing,1110,23
Eskild Ebbesen,Gold,male,rowing,1111,23
Francis Hegerty,Silver,male,rowing,1112,23
George Bridgewater,Bronze,male,rowing,1113,23
Germain Chardin,Bronze,male,rowing,1114,23
Iain Brambell,Bronze,male,rowing,1115,23
Jake Wetzel,Gold,male,rowing,1116,23
James Marburg,Silver,male,rowing,1117,23
Jon Beare,Bronze,male,rowing,1118,23
Jonathan Coeffic,Bronze,male,rowing,1119,23
Josh Inman,Bronze,male,rowing,1120,23
Josh West,Silver,male,rowing,1121,23
Julien Bahain,Bronze,male,rowing,1122,23
Julien Desprès,Bronze,male,rowing,1123,23
Jüri Jaanson,Silver,male,rowing,1124,23
Kevin Light,Gold,male,rowing,1125,23
Konrad Wasielewski,Gold,male,rowing,1126,23
Kyle Hamilton,Gold,male,rowing,1127,23
Liam Parsons,Bronze,male,rowing,1128,23
Luca Agamennoni,Silver,male,rowing,1129,23
Mads Andersen,Gold,male,rowing,1130,23
Mads Rasmussen,Bronze,male,rowing,1131,23
Mahé Drysdale,Bronze,male,rowing,1132,23
Malcolm Howard,Gold,male,rowing,1133,23
Marcus McElhenney,Bronze,male,rowing,1134,23
Marek Kolbowicz,Gold,male,rowing,1135,23
Mark Hunter,Gold,male,rowing,1136,23
Matt Ryan,Silver,male,rowing,1137,23
Matt Schnobrich,Bronze,male,rowing,1138,23
Matthew Langridge,Silver,male,rowing,1139,23
Micah Boyd,Bronze,male,rowing,1140,23
Michał Jeliński,Gold,male,rowing,1141,23
Mike Lewis,Bronze,male,rowing,1142,23
Miłosz Bernatajtys,Silver,male,rowing,1143,23
Morten Jørgensen,Gold,male,rowing,1144,23
Nathan Twaddle,Bronze,male,rowing,1145,23
Olaf Tufte,Gold,male,rowing,1146,23
Ondřej Synek,Silver,male,rowing,1147,23
Paweł Rańda,Silver,male,rowing,1148,23
Pete Reed,Gold,male,rowing,1149,23
Pierre-Jean Peltier,Bronze,male,rowing,1150,23
Rasmus Quist Hansen,Bronze,male,rowing,1151,23
Richard Egington,Silver,male,rowing,1152,23
Rossano Galtarossa,Silver,male,rowing,1153,23
Scott Brennan,Gold,male,rowing,1154,23
Scott Frandsen,Silver,male,rowing,1155,23
Simone Raineri,Silver,male,rowing,1156,23
Simone Venier,Silver,male,rowing,1157,23
Stephen Rowbotham,Bronze,male,rowing,1158,23
Steve Williams,Gold,male,rowing,1159,23
Steven Coppola,Bronze,male,rowing,1160,23
Thomas Ebert,Gold,male,rowing,1161,23
Tom James,Gold,male,rowing,1162,23
Tom Lucy,Silver,male,rowing,1163,23
Tom Stallard,Silver,male,rowing,1164,23
Tõnu Endrekson,Silver,male,rowing,1165,23
Vasileios Polymeros,Silver,male,rowing,1166,23
Wyatt Allen,Bronze,male,rowing,1167,23
Zac Purchase,Gold,male,rowing,1168,23
Łukasz Pawłowski,Silver,male,rowing,1169,23
Anna Goodale,Gold,female,rowing,1170,23
Anna Mickelson,Gold,female,rowing,1171,23
Anna Watkins,Bronze,female,rowing,1172,23
Annabel Vernon,Silver,female,rowing,1173,23
Annekatrin Thiele,Silver,female,rowing,1174,23
Annemarieke van Rumpt,Silver,female,rowing,1175,23
Annemiek de Haan,Silver,female,rowing,1176,23
Britta Oppelt,Bronze,female,rowing,1177,23
Caroline Evers-Swindell,Gold,female,rowing,1178,23
Caroline Lind,Gold,female,rowing,1179,23
Caryn Davies,Gold,female,rowing,1180,23
Christiane Huth,Silver,female,rowing,1181,23
Constanța Burcică,Bronze,female,rowing,1182,23
Debbie Flood,Silver,female,rowing,1183,23
Doina Ignat,Bronze,female,rowing,1184,23
Ekaterina Karsten,Bronze,female,rowing,1185,23
Elena Georgescu,Bronze,female,rowing,1186,23
Elise Laverick,Bronze,female,rowing,1187,23
Elle Logan,Gold,female,rowing,1188,23
Enikő Barabás,Bronze,female,rowing,1189,23
Erin Cafaro,Gold,female,rowing,1190,23
Ester Workel,Silver,female,rowing,1191,23
Femke Dekker,Silver,female,rowing,1192,23
Frances Houghton,Silver,female,rowing,1193,23
Gao Yulan,Silver,female,rowing,1194,23
Georgeta Damian,Gold,female,rowing,1195,23
Georgina Evers-Swindell,Gold,female,rowing,1196,23
Helen Tanger,Silver,female,rowing,1197,23
Ioana Papuc,Bronze,female,rowing,1198,23
Jin Ziwei,Gold,female,rowing,1199,23
Katherine Grainger,Silver,female,rowing,1200,23
Kathrin Boron,Bronze,female,rowing,1201,23
Kirsten van der Kolk,Gold,female,rowing,1202,23
Lindsay Shoop,Gold,female,rowing,1203,23
Manuela Lutze,Bronze,female,rowing,1204,23
Marit van Eupen,Gold,female,rowing,1205,23
Marlies Smulders,Silver,female,rowing,1206,23
Mary Whipple,Gold,female,rowing,1207,23
Melanie Kok,Bronze,female,rowing,1208,23
Michelle Guerette,Silver,female,rowing,1209,23
Minna Nieminen,Silver,female,rowing,1210,23
Natallia Helakh,Bronze,female,rowing,1211,23
Nienke Kingma,Silver,female,rowing,1212,23
Rodica Șerban,Bronze,female,rowing,1213,23
Roline Repelaer van Driel,Silver,female,rowing,1214,23
Rumyana Neykova,Gold,female,rowing,1215,23
Sanna Stén,Silver,female,rowing,1216,23
Sarah Siegelaar,Silver,female,rowing,1217,23
Simona Mușat,Bronze,female,rowing,1218,23
Stephanie Schiller,Bronze,female,rowing,1219,23
Susan Francia,Gold,female,rowing,1220,23
Tang Bin,Gold,female,rowing,1221,23
Tracy Cameron,Bronze,female,rowing,1222,23
Viorica Susanu,Gold,female,rowing,1223,23
Wu You,Silver,female,rowing,1224,23
Xi Aihua,Gold,female,rowing,1225,23
Yuliya Bichyk,Bronze,female,rowing,1226,23
Zhang Yangyang,Gold,female,rowing,1227,23
Anders Ekström,Bronze,male,sailing,1228,24
Andrew Simpson,Gold,male,sailing,1229,24
Antón Paz,Gold,male,sailing,1230,24
Ben Ainslie,Gold,male,sailing,1231,24
Bruno Prada,Silver,male,sailing,1232,24
Carlos Espínola,Bronze,male,sailing,1233,24
Darren Bundock,Silver,male,sailing,1234,24
Diego Romero,Bronze,male,sailing,1235,24
Fernando Echávarri,Gold,male,sailing,1236,24
Fredrik Lööf,Bronze,male,sailing,1237,24
Glenn Ashby,Silver,male,sailing,1238,24
Guillaume Florent,Bronze,male,sailing,1239,24
Hannes Peckolt,Bronze,male,sailing,1240,24
Iain Percy,Gold,male,sailing,1241,24
Iker Martínez de Lizarduy,Silver,male,sailing,1242,24
Jan-Peter Peckolt,Bronze,male,sailing,1243,24
Joe Glanfield,Silver,male,sailing,1244,24
Jonas Warrer,Gold,male,sailing,1245,24
Julien Bontemps,Silver,male,sailing,1246,24
Malcolm Page,Gold,male,sailing,1247,24
Martin Kirketerp,Gold,male,sailing,1248,24
Nathan Wilmot,Gold,male,sailing,1249,24
Nick Rogers,Silver,male,sailing,1250,24
Nicolas Charbonnier,Bronze,male,sailing,1251,24
Olivier Bausset,Bronze,male,sailing,1252,24
Paul Goodison,Gold,male,sailing,1253,24
Robert Scheidt,Silver,male,sailing,1254,24
Santiago Lange,Bronze,male,sailing,1255,24
Shahar Tzuberi,Bronze,male,sailing,1256,24
Tom Ashley,Gold,male,sailing,1257,24
Vasilij Žbogar,Silver,male,sailing,1258,24
Xabier Fernández,Silver,male,sailing,1259,24
Zach Railey,Silver,male,sailing,1260,24
Alessandra Sensini,Silver,female,sailing,1261,24
Anna Tunnicliffe,Gold,female,sailing,1262,24
Annemieke Bes,Silver,female,sailing,1263,24
Bryony Shaw,Bronze,female,sailing,1264,24
Elise Rechichi,Gold,female,sailing,1265,24
Fernanda Oliveira,Bronze,female,sailing,1266,24
Gintarė Scheidt,Silver,female,sailing,1267,24
Isabel Swan,Bronze,female,sailing,1268,24
Lobke Berkhout,Silver,female,sailing,1269,24
Mandy Mulder,Silver,female,sailing,1270,24
Marcelien de Koning,Silver,female,sailing,1271,24
Merel Witteveen,Silver,female,sailing,1272,24
Pippa Wilson,Gold,female,sailing,1273,24
Sarah Ayton,Gold,female,sailing,1274,24
Sarah Webb,Gold,female,sailing,1275,24
Sofia Bekatorou,Bronze,female,sailing,1276,24
Sofia Papadopoulou,Bronze,female,sailing,1277,24
Tessa Parkinson,Gold,female,sailing,1278,24
Virginia Kravarioti,Bronze,female,sailing,1279,24
Xu Lijia,Bronze,female,sailing,1280,24
Yin Jian,Gold,female,sailing,1281,24
Abhinav,Gold,male,shooting sport,1282,25
Aleksei Alipov,Bronze,male,shooting sport,1283,25
Anthony Terras,Bronze,male,shooting sport,1284,25
Artur Ayvazyan,Gold,male,shooting sport,1285,25
Christian Reitz,Bronze,male,shooting sport,1286,25
David Kostelecký,Gold,male,shooting sport,1287,25
Francesco D'Aniello,Silver,male,shooting sport,1288,25
Giovanni Pellielo,Silver,male,shooting sport,1289,25
Henri Häkkinen,Bronze,male,shooting sport,1290,25
Hu Binyuan,Bronze,male,shooting sport,1291,25
Jason Turner,Bronze,male,shooting sport,1292,25
Jin Jong-oh,Silver,male,shooting sport,1293,25
Jury Sukhorukov,Silver,male,shooting sport,1294,25
Matthew Emmons,Silver,male,shooting sport,1295,25
Oleksandr Petriv,Gold,male,shooting sport,1296,25
Pang Wei,Gold,male,shooting sport,1297,25
Qiu Jian,Gold,male,shooting sport,1298,25
Rajmond Debevec,Bronze,male,shooting sport,1299,25
Ralf Schumann,Silver,male,shooting sport,1300,25
Tan Zongliang,Silver,male,shooting sport,1301,25
Tore Brovold,Silver,male,shooting sport,1302,25
Vincent Hancock,Gold,male,shooting sport,1303,25
Vladimir Isakov,Bronze,male,shooting sport,1304,25
Walton Eller,Gold,male,shooting sport,1305,25
Warren Potent,Bronze,male,shooting sport,1306,25
Zhu Qinan,Silver,male,shooting sport,1307,25
Chen Ying,Gold,female,shooting sport,1308,25
Chiara Cainero,Gold,female,shooting sport,1309,25
Christine Wenzel,Bronze,female,shooting sport,1310,25
Corey Cogdell,Bronze,female,shooting sport,1311,25
Du Li,Gold,female,shooting sport,1312,25
Eglis Yaima Cruz,Bronze,female,shooting sport,1313,25
Guo Wenjun,Gold,female,shooting sport,1314,25
Kateřina Emmons,Gold,female,shooting sport,1315,25
Kim Rhode,Silver,female,shooting sport,1316,25
Lioubov Galkina,Silver,female,shooting sport,1317,25
Munkhbayar Dorjsuren,Bronze,female,shooting sport,1318,25
Natalia Paderina,Silver,female,shooting sport,1319,25
Nino Salukvadze,Bronze,female,shooting sport,1320,25
Otryadyn Gündegmaa,Silver,female,shooting sport,1321,25
Satu Mäkelä-Nummela,Gold,female,shooting sport,1322,25
Snježana Pejčić,Bronze,female,shooting sport,1323,25
Zuzana Rehák-Štefečeková,Silver,female,shooting sport,1324,25
Andrea Duran,Silver,female,softball,1325,26
Ayumi Karino,Gold,female,softball,1326,26
Belinda Wright,Bronze,female,softball,1327,26
Caitlin Lowe,Silver,female,softball,1328,26
Cat Osterman,Silver,female,softball,1329,26
Crystl Bustos,Silver,female,softball,1330,26
Danielle Stewart,Bronze,female,softball,1331,26
Emi Inui,Gold,female,softball,1332,26
Eri Yamada,Gold,female,softball,1333,26
Hiroko Sakai,Gold,female,softball,1334,26
Jennie Finch,Silver,female,softball,1335,26
Jessica Mendoza,Silver,female,softball,1336,26
Jodie Bowering,Bronze,female,softball,1337,26
Justine Smethurst,Bronze,female,softball,1338,26
Kelly Hardie,Bronze,female,softball,1339,26
Kelly Kretschman,Silver,female,softball,1340,26
Kerry Wyborn,Bronze,female,softball,1341,26
Kylie Cronk,Bronze,female,softball,1342,26
Laura Berg,Silver,female,softball,1343,26
Lauren Lappin,Silver,female,softball,1344,26
Lovieanne Jung,Silver,female,softball,1345,26
Masumi Mishina,Gold,female,softball,1346,26
Megu Hirose,Gold,female,softball,1347,26
Melanie Roche,Bronze,female,softball,1348,26
Mika Someya,Gold,female,softball,1349,26
Monica Abbott,Silver,female,softball,1350,26
Motoko Fujimoto,Gold,female,softball,1351,26
Naho Emoto,Gold,female,softball,1352,26
Natalie Titcume,Bronze,female,softball,1353,26
Natalie Ward,Bronze,female,softball,1354,26
Natasha Watley,Silver,female,softball,1355,26
Rei Nishiyama,Gold,female,softball,1356,26
Rie Sato,Gold,female,softball,1357,26
Sachiko Ito,Gold,female,softball,1358,26
Sandy Lewis,Bronze,female,softball,1359,26
Satoko Mabuchi,Gold,female,softball,1360,26
Simmone Morrow,Bronze,female,softball,1361,26
Stacey Nuveman,Silver,female,softball,1362,26
Stacey Porter,Bronze,female,softball,1363,26
Tairia Flowers,Silver,female,softball,1364,26
Tanya Harding,Bronze,female,softball,1365,26
Tracey Mosley,Bronze,female,softball,1366,26
Vicky Galindo,Silver,female,softball,1367,26
Yukiko Ueno,Gold,female,softball,1368,26
Yukiyo Mine,Gold,female,softball,1369,26
Aaron Peirsol,Gold,male,swimming,1370,27
Adam Pine,Silver,male,swimming,1371,27
Alain Bernard,Bronze,male,swimming,1372,27
Alexander Dale Oen,Silver,male,swimming,1373,27
Alexander Sukhorukov,Silver,male,swimming,1374,27
Amaury Leveaux,Silver,male,swimming,1375,27
Andrew Lauterstein,Bronze,male,swimming,1376,27
Arkady Vyatchanin,Bronze,male,swimming,1377,27
Ashley Callus,Bronze,male,swimming,1378,27
Ashley Delaney,Silver,male,swimming,1379,27
Ben Wildman-Tobriner,Gold,male,swimming,1380,27
Boris Steimetz,Silver,male,swimming,1381,27
Brendan Hansen,Gold,male,swimming,1382,27
Brenton Rickard,Silver,male,swimming,1383,27
Christian Sprenger,Silver,male,swimming,1384,27
Cullen Jones,Gold,male,swimming,1385,27
César Cielo,Gold,male,swimming,1386,27
Danila Izotov,Silver,male,swimming,1387,27
David Davies,Silver,male,swimming,1388,27
David Walters,Gold,male,swimming,1389,27
Eamon Sullivan,Silver,male,swimming,1390,27
Erik Vendt,Gold,male,swimming,1391,27
Fabien Gilot,Silver,male,swimming,1392,27
Frédérick Bousquet,Silver,male,swimming,1393,27
Garrett Weber-Gale,Gold,male,swimming,1394,27
Grant Brits,Bronze,male,swimming,1395,27
Grant Hackett,Silver,male,swimming,1396,27
Grégory Mallet,Silver,male,swimming,1397,27
Hayden Stoeckel,Bronze,male,swimming,1398,27
Hisayoshi Sato,Bronze,male,swimming,1399,27
Hugues Duboscq,Bronze,male,swimming,1400,27
Ian Crocker,Gold,male,swimming,1401,27
Jason Lezak,Bronze,male,swimming,1402,27
Junichi Miyashita,Bronze,male,swimming,1403,27
Kirk Palmer,Bronze,male,swimming,1404,27
Klete Keller,Gold,male,swimming,1405,27
Kosuke Kitajima,Gold,male,swimming,1406,27
Larsen Jensen,Bronze,male,swimming,1407,27
Leith Brodie,Bronze,male,swimming,1408,27
László Cseh,Silver,male,swimming,1409,27
Maarten van der Weijden,Gold,male,swimming,1410,27
Mark Gangloff,Gold,male,swimming,1411,27
Matt Grevers,Silver,male,swimming,1412,27
Matt Targett,Bronze,male,swimming,1413,27
Michael Phelps,Gold,male,swimming,1414,27
Mikhail Polishchuk,Silver,male,swimming,1415,27
Milorad Čavić,Silver,male,swimming,1416,27
Nathan Adrian,Gold,male,swimming,1417,27
Nick Ffrost,Bronze,male,swimming,1418,27
Nikita Lobintsev,Silver,male,swimming,1419,27
Oussama Mellouli,Gold,male,swimming,1420,27
Park Tae-Hwan,Silver,male,swimming,1421,27
Patrick Murphy,Bronze,male,swimming,1422,27
Peter Vanderkaay,Bronze,male,swimming,1423,27
Ricky Berens,Gold,male,swimming,1424,27
Ryan Cochrane,Bronze,male,swimming,1425,27
Ryan Lochte,Gold,male,swimming,1426,27
Takeshi Matsuda,Bronze,male,swimming,1427,27
Takuro Fujii,Bronze,male,swimming,1428,27
Thomas Lurz,Bronze,male,swimming,1429,27
Yevgeny Lagunov,Silver,male,swimming,1430,27
Zhang Lin,Silver,male,swimming,1431,27
Alessia Filippi,Silver,female,swimming,1432,27
Alice Tait,Bronze,female,swimming,1433,27
Allison Schmitt,Bronze,female,swimming,1434,27
Angie Bainbridge,Gold,female,swimming,1435,27
Britta Steffen,Gold,female,swimming,1436,27
Bronte Barratt,Gold,female,swimming,1437,27
Caroline Burckle,Bronze,female,swimming,1438,27
Cassie Patten,Bronze,female,swimming,1439,27
Cate Campbell,Bronze,female,swimming,1440,27
Christine Magnuson,Silver,female,swimming,1441,27
Christine Marshall,Bronze,female,swimming,1442,27
Dara Torres,Silver,female,swimming,1443,27
Elaine Breeden,Silver,female,swimming,1444,27
Emily Seebohm,Gold,female,swimming,1445,27
Emily Silver,Silver,female,swimming,1446,27
Federica Pellegrini,Gold,female,swimming,1447,27
Felicity Galvez,Gold,female,swimming,1448,27
Femke Heemskerk,Gold,female,swimming,1449,27
Hinkelien Schreuder,Gold,female,swimming,1450,27
Inge Dekker,Gold,female,swimming,1451,27
Jessicah Schipper,Bronze,female,swimming,1452,27
Jiao Liuyang,Silver,female,swimming,1453,27
Joanne Jackson,Bronze,female,swimming,1454,27
Julia Smit,Silver,female,swimming,1455,27
Kara Lynn Joyce,Silver,female,swimming,1456,27
Katie Hoff,Silver,female,swimming,1457,27
Keri-Anne Payne,Silver,female,swimming,1458,27
Kim Vandenberg,Bronze,female,swimming,1459,27
Kirsty Coventry,Silver,female,swimming,1460,27
Kylie Palmer,Gold,female,swimming,1461,27
Lacey Nymeyer,Silver,female,swimming,1462,27
Lara Davenport,Gold,female,swimming,1463,27
Larisa Ilchenko,Gold,female,swimming,1464,27
Leisel Jones,Gold,female,swimming,1465,27
Libby Trickett,Silver,female,swimming,1466,27
Linda Mackenzie,Gold,female,swimming,1467,27
Liu Zige,Gold,female,swimming,1468,27
Lotte Friis,Bronze,female,swimming,1469,27
Manon van Rooijen,Gold,female,swimming,1470,27
Margaret Hoelzer,Bronze,female,swimming,1471,27
Marleen Veldhuis,Gold,female,swimming,1472,27
Megan Jendrick,Silver,female,swimming,1473,27
Melanie Schlanger,Bronze,female,swimming,1474,27
Mirna Jukić,Bronze,female,swimming,1475,27
Natalie Coughlin,Bronze,female,swimming,1476,27
Pang Jiaying,Bronze,female,swimming,1477,27
Ranomi Kromowidjojo,Gold,female,swimming,1478,27
Rebecca Adlington,Gold,female,swimming,1479,27
Rebecca Soni,Silver,female,swimming,1480,27
Reiko Nakamura,Bronze,female,swimming,1481,27
Sara Isaković,Silver,female,swimming,1482,27
Sara Nordenstam,Bronze,female,swimming,1483,27
Shayne Reese,Bronze,female,swimming,1484,27
Stephanie Rice,Gold,female,swimming,1485,27
Sun Ye,Bronze,female,swimming,1486,27
Tan Miao,Silver,female,swimming,1487,27
Tang Jingzhi,Silver,female,swimming,1488,27
Tarnee White,Gold,female,swimming,1489,27
Xu Tianlongzi,Bronze,female,swimming,1490,27
Yang Yu,Silver,female,swimming,1491,27
Zhao Jing,Bronze,female,swimming,1492,27
Zhou Yafei,Bronze,female,swimming,1493,27
Zhu Qianwei,Silver,female,swimming,1494,27
Alba Cabello,Silver,female,synchronized swimming,1495,28
Anastasia Davydova,Gold,female,synchronized swimming,1496,28
Anastasiya Yermakova,Gold,female,synchronized swimming,1497,28
Andrea Fuentes,Silver,female,synchronized swimming,1498,28
Anna Shorina,Gold,female,synchronized swimming,1499,28
Elvira Khasyanova,Gold,female,synchronized swimming,1500,28
Emiko Suzuki,Bronze,female,synchronized swimming,1501,28
Gemma Mengual,Silver,female,synchronized swimming,1502,28
Gisela Morón,Silver,female,synchronized swimming,1503,28
Gu Beibei,Bronze,female,synchronized swimming,1504,28
Huang Xuechen,Bronze,female,synchronized swimming,1505,28
Irina Rodríguez,Silver,female,synchronized swimming,1506,28
Jiang Tingting,Bronze,female,synchronized swimming,1507,28
Jiang Wenwen,Bronze,female,synchronized swimming,1508,28
Laura López,Silver,female,synchronized swimming,1509,28
Liu Ou,Bronze,female,synchronized swimming,1510,28
Luo Xi,Bronze,female,synchronized swimming,1511,28
Mariya Gromova,Gold,female,synchronized swimming,1512,28
Natalia Ishchenko,Gold,female,synchronized swimming,1513,28
Olga Kuzhela,Gold,female,synchronized swimming,1514,28
Paola Tirados,Silver,female,synchronized swimming,1515,28
Raquel Corral,Silver,female,synchronized swimming,1516,28
Saho Harada,Bronze,female,synchronized swimming,1517,28
Sun Qiuting,Bronze,female,synchronized swimming,1518,28
Svetlana Romashina,Gold,female,synchronized swimming,1519,28
Thaïs Henríquez,Silver,female,synchronized swimming,1520,28
Wang Na,Bronze,female,synchronized swimming,1521,28
Yelena Ovchinnikova,Gold,female,synchronized swimming,1522,28
Zhang Xiaohuan,Bronze,female,synchronized swimming,1523,28
Christian Süß,Silver,male,table tennis,1524,29
Dimitrij Ovtcharov,Silver,male,table tennis,1525,29
Ma Lin,Gold,male,table tennis,1526,29
Oh Sang-eun,Bronze,male,table tennis,1527,29
Ryu Seung-min,Bronze,male,table tennis,1528,29
Timo Boll,Silver,male,table tennis,1529,29
Wang Hao,Silver,male,table tennis,1530,29
Wang Liqin,Bronze,male,table tennis,1531,29
Yoon Jae-Young,Bronze,male,table tennis,1532,29
Dang Ye-seo,Bronze,female,table tennis,1533,29
Feng Tianwei,Silver,female,table tennis,1534,29
Guo Yue,Bronze,female,table tennis,1535,29
Kim Kyungah,Bronze,female,table tennis,1536,29
Li Jiawei,Silver,female,table tennis,1537,29
Park Mi-Young,Bronze,female,table tennis,1538,29
Wang Nan,Silver,female,table tennis,1539,29
Wang Yuegu,Silver,female,table tennis,1540,29
Zhang Yining,Gold,female,table tennis,1541,29
Alexandros Nikolaidis,Silver,male,taekwondo,1542,30
Arman Chilmanov,Bronze,male,taekwondo,1543,30
Cha Dong-Min,Gold,male,taekwondo,1544,30
Chika Chukwumerije,Bronze,male,taekwondo,1545,30
Chu Mu-yen,Bronze,male,taekwondo,1546,30
Gabriel Mercedes,Silver,male,taekwondo,1547,30
Guillermo Pérez,Gold,male,taekwondo,1548,30
Hadi Saei,Gold,male,taekwondo,1549,30
Mark López,Silver,male,taekwondo,1550,30
Mauro Sarmiento,Silver,male,taekwondo,1551,30
Rohullah Nikpai,Bronze,male,taekwondo,1552,30
Servet Tazegül,Bronze,male,taekwondo,1553,30
Son Tae-jin,Gold,male,taekwondo,1554,30
Steven López,Bronze,male,taekwondo,1555,30
Sung Yu-chi,Bronze,male,taekwondo,1556,30
Zhu Guo,Bronze,male,taekwondo,1557,30
Azize Tanrıkulu,Silver,female,taekwondo,1558,30
Buttree Puedpong,Silver,female,taekwondo,1559,30
Dalia Contreras,Bronze,female,taekwondo,1560,30
Daynellis Montejo,Bronze,female,taekwondo,1561,30
Diana López,Bronze,female,taekwondo,1562,30
Gwladys Épangue,Bronze,female,taekwondo,1563,30
Hwang Kyung-Seon,Gold,female,taekwondo,1564,30
Karine Sergerie,Silver,female,taekwondo,1565,30
Lim Su-jeong,Gold,female,taekwondo,1566,30
Martina Zubčić,Bronze,female,taekwondo,1567,30
María Espinoza,Gold,female,taekwondo,1568,30
Natália Falavigna,Bronze,female,taekwondo,1569,30
Nina Solheim,Silver,female,taekwondo,1570,30
Sandra Šarić,Bronze,female,taekwondo,1571,30
Sarah Stevenson,Bronze,female,taekwondo,1572,30
Wu Jingyu,Gold,female,taekwondo,1573,30
Bob Bryan,Bronze,male,tennis,1574,31
Fernando González,Silver,male,tennis,1575,31
Mike Bryan,Bronze,male,tennis,1576,31
Novak Djokovic,Bronze,male,tennis,1577,31
Rafael Nadal,Gold,male,tennis,1578,31
Roger Federer,Gold,male,tennis,1579,31
Simon Aspelin,Silver,male,tennis,1580,31
Stan Wawrinka,Gold,male,tennis,1581,31
Thomas Johansson,Silver,male,tennis,1582,31
Anabel Medina Garrigues,Silver,female,tennis,1583,31
Dinara Safina,Silver,female,tennis,1584,31
Elena Dementieva,Gold,female,tennis,1585,31
Serena Williams,Gold,female,tennis,1586,31
Venus Williams,Gold,female,tennis,1587,31
Vera Zvonareva,Bronze,female,tennis,1588,31
Virginia Ruano Pascual,Silver,female,tennis,1589,31
Yan Zi,Bronze,female,tennis,1590,31
Zheng Jie,Bronze,female,tennis,1591,31
Bevan Docherty,Bronze,male,triathlon,1592,32
Jan Frodeno,Gold,male,triathlon,1593,32
Simon Whitfield,Silver,male,triathlon,1594,32
Emma Moffatt,Bronze,female,triathlon,1595,32
Emma Snowsill,Gold,female,triathlon,1596,32
Vanessa Fernandes,Silver,female,triathlon,1597,32
Emanuel Rego,Bronze,male,beach volleyball,1598,33
Fábio Luiz Magalhães,Silver,male,beach volleyball,1599,33
Márcio Araújo,Silver,male,beach volleyball,1600,33
Phil Dalhausser,Gold,male,beach volleyball,1601,33
Ricardo Santos,Bronze,male,beach volleyball,1602,33
Todd Rogers,Gold,male,beach volleyball,1603,33
Kerri Walsh Jennings,Gold,female,beach volleyball,1604,33
Misty May-Treanor,Gold,female,beach volleyball,1605,33
Tian Jia,Silver,female,beach volleyball,1606,33
Wang Jie,Silver,female,beach volleyball,1607,33
Xue Chen,Bronze,female,beach volleyball,1608,33
Zhang Xi,Bronze,female,beach volleyball,1609,33
Aleksandr Korneev,Bronze,male,volleyball,1610,34
Aleksandr Kosarev,Bronze,male,volleyball,1611,34
Aleksandr Volkov,Bronze,male,volleyball,1612,34
Aleksey Kuleshov,Bronze,male,volleyball,1613,34
Aleksey Ostapenko,Bronze,male,volleyball,1614,34
Aleksey Verbov,Bronze,male,volleyball,1615,34
Anderson Rodrigues,Silver,male,volleyball,1616,34
André Heller,Silver,male,volleyball,1617,34
André Nascimento,Silver,male,volleyball,1618,34
Bruno Rezende,Silver,male,volleyball,1619,34
Clayton Stanley,Gold,male,volleyball,1620,34
Dante Amaral,Silver,male,volleyball,1621,34
David Lee,Gold,male,volleyball,1622,34
Gabriel Gardner,Gold,male,volleyball,1623,34
Giba,Silver,male,volleyball,1624,34
Gustavo Endres,Silver,male,volleyball,1625,34
Kevin Hansen,Gold,male,volleyball,1626,34
Lloy Ball,Gold,male,volleyball,1627,34
Marcelo Elgarten,Silver,male,volleyball,1628,34
Maxim Mikhaylov,Bronze,male,volleyball,1629,34
Murilo Endres,Silver,male,volleyball,1630,34
Reid Priddy,Gold,male,volleyball,1631,34
Richard Lambourne,Gold,male,volleyball,1632,34
Riley Salmon,Gold,male,volleyball,1633,34
Rodrigão,Silver,male,volleyball,1634,34
Ryan Millar,Gold,male,volleyball,1635,34
Samuel Fuchs,Silver,male,volleyball,1636,34
Scott Touzinsky,Gold,male,volleyball,1637,34
Sean Rooney,Gold,male,volleyball,1638,34
Semyon Poltavskiy,Bronze,male,volleyball,1639,34
Sergey Grankin,Bronze,male,volleyball,1640,34
Sergey Tetyukhin,Bronze,male,volleyball,1641,34
Sérgio Santos,Silver,male,volleyball,1642,34
Thomas Hoff,Gold,male,volleyball,1643,34
Vadim Khamuttskikh,Bronze,male,volleyball,1644,34
Yury Berezhko,Bronze,male,volleyball,1645,34
Carolina Albuquerque,Gold,female,volleyball,1646,34
Danielle Scott-Arruda,Silver,female,volleyball,1647,34
Fabiana Claudino,Gold,female,volleyball,1648,34
Fabiana de Oliveira,Gold,female,volleyball,1649,34
Feng Kun,Bronze,female,volleyball,1650,34
Fofão,Gold,female,volleyball,1651,34
Heather Bown,Silver,female,volleyball,1652,34
Jaqueline Carvalho,Gold,female,volleyball,1653,34
Jennifer Joines,Silver,female,volleyball,1654,34
Kim Glass,Silver,female,volleyball,1655,34
Kim Willoughby,Silver,female,volleyball,1656,34
Li Juan,Bronze,female,volleyball,1657,34
Lindsey Berg,Silver,female,volleyball,1658,34
Liu Yanan,Bronze,female,volleyball,1659,34
Logan Tom,Silver,female,volleyball,1660,34
Ma Yunwen,Bronze,female,volleyball,1661,34
Marianne Steinbrecher,Gold,female,volleyball,1662,34
Nicole Davis,Silver,female,volleyball,1663,34
Ogonna Nnamani,Silver,female,volleyball,1664,34
Paula Pequeno,Gold,female,volleyball,1665,34
Robyn Ah Mow-Santos,Silver,female,volleyball,1666,34
Sheilla Castro,Gold,female,volleyball,1667,34
Stacy Sykora,Silver,female,volleyball,1668,34
Tayyiba Haneef-Park,Silver,female,volleyball,1669,34
Thaísa Menezes,Gold,female,volleyball,1670,34
Valeska Menezes,Gold,female,volleyball,1671,34
Walewska Oliveira,Gold,female,volleyball,1672,34
Wang Yimei,Bronze,female,volleyball,1673,34
Wei Qiuyue,Bronze,female,volleyball,1674,34
Welissa Gonzaga,Gold,female,volleyball,1675,34
Xu Yunli,Bronze,female,volleyball,1676,34
Xue Ming,Bronze,female,volleyball,1677,34
Yang Hao,Bronze,female,volleyball,1678,34
Zhang Na,Bronze,female,volleyball,1679,34
Zhao Ruirui,Bronze,female,volleyball,1680,34
Zhou Suhong,Bronze,female,volleyball,1681,34
Adam Wright,Silver,male,water polo,1682,35
Aleksandar Ćirić,Bronze,male,water polo,1683,35
Aleksandar Šapić,Bronze,male,water polo,1684,35
Andrija Prlainović,Bronze,male,water polo,1685,35
Brandon Brooks,Silver,male,water polo,1686,35
Branko Peković,Bronze,male,water polo,1687,35
Dejan Savić,Bronze,male,water polo,1688,35
Denis Šefik,Bronze,male,water polo,1689,35
Duško Pijetlović,Bronze,male,water polo,1690,35
Dániel Varga,Gold,male,water polo,1691,35
Dénes Varga,Gold,male,water polo,1692,35
Filip Filipović,Bronze,male,water polo,1693,35
Gergely Kiss,Gold,male,water polo,1694,35
Gábor Kis,Gold,male,water polo,1695,35
István Gergely,Gold,male,water polo,1696,35
J. W. Krumpholz,Silver,male,water polo,1697,35
Jeff Powers,Silver,male,water polo,1698,35
Jesse Smith,Silver,male,water polo,1699,35
Layne Beaubien,Silver,male,water polo,1700,35
Merrill Moses,Silver,male,water polo,1701,35
Nikola Rađen,Bronze,male,water polo,1702,35
Norbert Hosnyánszky,Gold,male,water polo,1703,35
Norbert Madaras,Gold,male,water polo,1704,35
Peter Hudnut,Silver,male,water polo,1705,35
Peter Varellas,Silver,male,water polo,1706,35
Péter Biros,Gold,male,water polo,1707,35
Rick Merlo,Silver,male,water polo,1708,35
Ryan Bailey,Silver,male,water polo,1709,35
Slobodan Soro,Bronze,male,water polo,1710,35
Tamás Kásás,Gold,male,water polo,1711,35
Tamás Molnár,Gold,male,water polo,1712,35
Tamás Varga,Gold,male,water polo,1713,35
Tibor Benedek,Gold,male,water polo,1714,35
Tim Hutten,Silver,male,water polo,1715,35
Tony Azevedo,Silver,male,water polo,1716,35
Vanja Udovičić,Bronze,male,water polo,1717,35
Vladimir Vujasinović,Bronze,male,water polo,1718,35
Zoltán Szécsi,Gold,male,water polo,1719,35
Živko Gocić,Bronze,male,water polo,1720,35
Alette Sijbring,Gold,female,water polo,1721,35
Alicia McCormack,Bronze,female,water polo,1722,35
Alison Gregorka,Silver,female,water polo,1723,35
Amy Hetzel,Bronze,female,water polo,1724,35
Biurakn Hakhverdian,Gold,female,water polo,1725,35
Brenda Villa,Silver,female,water polo,1726,35
Brittany Hayes,Silver,female,water polo,1727,35
Bronwen Knox,Bronze,female,water polo,1728,35
Daniëlle de Bruijn,Gold,female,water polo,1729,35
Elizabeth Armstrong,Silver,female,water polo,1730,35
Elsie Windes,Silver,female,water polo,1731,35
Emma Knox,Bronze,female,water polo,1732,35
Gemma Beadsworth,Bronze,female,water polo,1733,35
Gillian van den Berg,Gold,female,water polo,1734,35
Heather Petri,Silver,female,water polo,1735,35
Iefke van Belkum,Gold,female,water polo,1736,35
Ilse van der Meijden,Gold,female,water polo,1737,35
Jaime Komer,Silver,female,water polo,1738,35
Jenna Santoromito,Bronze,female,water polo,1739,35
Jessica Steffens,Silver,female,water polo,1740,35
Kami Craig,Silver,female,water polo,1741,35
Kate Gynther,Bronze,female,water polo,1742,35
Lauren Wenger,Silver,female,water polo,1743,35
Marieke van den Ham,Gold,female,water polo,1744,35
Meike de Nooy,Gold,female,water polo,1745,35
Melissa Rippon,Bronze,female,water polo,1746,35
Mia Santoromito,Bronze,female,water polo,1747,35
Mieke Cabout,Gold,female,water polo,1748,35
Moriah van Norman,Silver,female,water polo,1749,35
Natalie Golda,Silver,female,water polo,1750,35
Nikita Cuffe,Bronze,female,water polo,1751,35
Noeki Klein,Gold,female,water polo,1752,35
Patty Cardenas,Silver,female,water polo,1753,35
Rebecca Rippon,Bronze,female,water polo,1754,35
Rianne Guichelaar,Gold,female,water polo,1755,35
Simone Koot,Gold,female,water polo,1756,35
Suzie Fraser,Bronze,female,water polo,1757,35
Taniele Gofers,Bronze,female,water polo,1758,35
Yasemin Smit,Gold,female,water polo,1759,35
Andrei Aramnau,Gold,male,weightlifting,1760,36
Arsen Kasabiev,Silver,male,weightlifting,1761,36
Diego Salazar,Silver,male,weightlifting,1762,36
Dmitry Klokov,Silver,male,weightlifting,1763,36
Eko Irawan,Bronze,male,weightlifting,1764,36
Evgeny Chigishev,Silver,male,weightlifting,1765,36
Gevorg Davtyan,Bronze,male,weightlifting,1766,36
Hoang Anh Tuan,Silver,male,weightlifting,1767,36
Jadier Valladares,Bronze,male,weightlifting,1768,36
Li Hongli,Silver,male,weightlifting,1769,36
Liao Hui,Gold,male,weightlifting,1770,36
Long Qingquan,Gold,male,weightlifting,1771,36
Lu Yong,Gold,male,weightlifting,1772,36
Marcin Dołęga,Bronze,male,weightlifting,1773,36
Matthias Steiner,Gold,male,weightlifting,1774,36
Sa Jae-Hyouk,Gold,male,weightlifting,1775,36
Szymon Kołecki,Gold,male,weightlifting,1776,36
Tigran Vardan Martirosyan,Silver,male,weightlifting,1777,36
Triyatno,Bronze,male,weightlifting,1778,36
Vencelas Dabaya,Silver,male,weightlifting,1779,36
Viktors Ščerbatihs,Bronze,male,weightlifting,1780,36
Yoandry Hernández,Bronze,male,weightlifting,1781,36
Yordanis Borrero,Bronze,male,weightlifting,1782,36
Zhang Xiangxiang,Gold,male,weightlifting,1783,36
Abeer Abdelrahman,Bronze,female,weightlifting,1784,36
Alla Vazhenina,Gold,female,weightlifting,1785,36
Chen Wei-ling,Gold,female,weightlifting,1786,36
Chen Yanqing,Gold,female,weightlifting,1787,36
Christine Girard,Bronze,female,weightlifting,1788,36
Damaris Gabriela Aguirre Aldaz,Bronze,female,weightlifting,1789,36
Ele Opeloge,Silver,female,weightlifting,1790,36
Im Jyoung-Hwa,Silver,female,weightlifting,1791,36
Jang Mi-ran,Gold,female,weightlifting,1792,36
Leydi Solís,Silver,female,weightlifting,1793,36
Lu Ying-chi,Silver,female,weightlifting,1794,36
Lydia Valentín,Silver,female,weightlifting,1795,36
Mariam Usman,Bronze,female,weightlifting,1796,36
O Jong-ae,Silver,female,weightlifting,1797,36
Oksana Slivenko,Gold,female,weightlifting,1798,36
Pak Hyon-suk,Gold,female,weightlifting,1799,36
Pensiri Laosirikul,Bronze,female,weightlifting,1800,36
Prapawadee Jaroenrattanatarakoon,Gold,female,weightlifting,1801,36
Raema Lisa Rumbewas,Bronze,female,weightlifting,1802,36
Wandee Kameaim,Bronze,female,weightlifting,1803,36
Yoon Jin-Hee,Silver,female,weightlifting,1804,36
Andriy Stadnik,Silver,male,freestyle wrestling,1805,37
Bakhtiyar Akhmedov,Gold,male,freestyle wrestling,1806,37
Bazar Bazarguruev,Bronze,male,freestyle wrestling,1807,37
Besik Kudukhov,Bronze,male,freestyle wrestling,1808,37
Buvaisar Saitiev,Gold,male,freestyle wrestling,1809,37
David Musuľbes,Silver,male,freestyle wrestling,1810,37
Disney Rodríguez,Bronze,male,freestyle wrestling,1811,37
Georgy Ketoyev,Bronze,male,freestyle wrestling,1812,37
Gheorghiță Ștefan,Bronze,male,freestyle wrestling,1813,37
Giorgi Gogshelidze,Silver,male,freestyle wrestling,1814,37
Henry Cejudo,Gold,male,freestyle wrestling,1815,37
Kenichi Yumoto,Silver,male,freestyle wrestling,1816,37
Khetag Gazyumov,Bronze,male,freestyle wrestling,1817,37
Kiril Terziev,Bronze,male,freestyle wrestling,1818,37
Marid Mutalimov,Bronze,male,freestyle wrestling,1819,37
Mavlet Batirov,Gold,male,freestyle wrestling,1820,37
Michel Batista Martínez,Bronze,male,freestyle wrestling,1821,37
Morad Mohammadi,Bronze,male,freestyle wrestling,1822,37
Murad Gaidarov,Silver,male,freestyle wrestling,1823,37
Otar Tushishvili,Bronze,male,freestyle wrestling,1824,37
Radoslav Velikov,Bronze,male,freestyle wrestling,1825,37
Ramazan Şahin,Gold,male,freestyle wrestling,1826,37
Revaz Mindorashvili,Gold,male,freestyle wrestling,1827,37
Shirvani Muradov,Gold,male,freestyle wrestling,1828,37
Sushil Kumar,Bronze,male,freestyle wrestling,1829,37
Taras Danko,Bronze,male,freestyle wrestling,1830,37
Tomohiro Matsunaga,Silver,male,freestyle wrestling,1831,37
Yusup Abdusalomov,Silver,male,freestyle wrestling,1832,37
Agnieszka Wieszczek-Kordus,Bronze,female,freestyle wrestling,1833,37
Alena Kartashova,Silver,female,freestyle wrestling,1834,37
Carol Huynh,Gold,female,freestyle wrestling,1835,37
Chiharu Icho,Silver,female,freestyle wrestling,1836,37
Iryna Merleni,Bronze,female,freestyle wrestling,1837,37
Jackeline Rentería,Bronze,female,freestyle wrestling,1838,37
Kaori Icho,Gold,female,freestyle wrestling,1839,37
Kyoko Hamaguchi,Bronze,female,freestyle wrestling,1840,37
Mariya Stadnik,Bronze,female,freestyle wrestling,1841,37
Randi Miller,Bronze,female,freestyle wrestling,1842,37
Saori Yoshida,Gold,female,freestyle wrestling,1843,37
Stanka Zlateva,Silver,female,freestyle wrestling,1844,37
Tonya Verbeek,Bronze,female,freestyle wrestling,1845,37
Wang Jiao,Gold,female,freestyle wrestling,1846,37
Xu Li,Silver,female,freestyle wrestling,1847,37
Yelena Shalygina,Bronze,female,freestyle wrestling,1848,37
Adam Wheeler,Bronze,male,greco-roman wrestling,1849,38
Andrea Minguzzi,Gold,male,greco-roman wrestling,1850,38
Armen Vardanyan,Bronze,male,greco-roman wrestling,1851,38
Aslanbek Khushtov,Gold,male,greco-roman wrestling,1852,38
Chang Yongxiang,Silver,male,greco-roman wrestling,1853,38
Christophe Guénot,Bronze,male,greco-roman wrestling,1854,38
Islambek Albiev,Gold,male,greco-roman wrestling,1855,38
Kanatbek Begaliev,Silver,male,greco-roman wrestling,1856,38
Manuchar Kvirkvelia,Gold,male,greco-roman wrestling,1857,38
Marek Švec,Bronze,male,greco-roman wrestling,1858,38
Mijaín López,Gold,male,greco-roman wrestling,1859,38
Mikhail Siamionau,Bronze,male,greco-roman wrestling,1860,38
Mindaugas Mizgaitis,Silver,male,greco-roman wrestling,1861,38
Mirko Englich,Silver,male,greco-roman wrestling,1862,38
Nazmi Avluca,Bronze,male,greco-roman wrestling,1863,38
Nazyr Mankiev,Gold,male,greco-roman wrestling,1864,38
Nurbakyt Tengizbayev,Silver,male,greco-roman wrestling,1865,38
Park Eun-Chul,Bronze,male,greco-roman wrestling,1866,38
Roman Amoyan,Bronze,male,greco-roman wrestling,1867,38
Rovshan Bayramov,Silver,male,greco-roman wrestling,1868,38
Ruslan Tumenbaev,Bronze,male,greco-roman wrestling,1869,38
Sheng Jiang,Bronze,male,greco-roman wrestling,1870,38
Steeve Guénot,Gold,male,greco-roman wrestling,1871,38
Yannick Szczepaniak,Bronze,male,greco-roman wrestling,1872,38
Yavor Yanakiev,Bronze,male,greco-roman wrestling,1873,38
Yury Patrikeyev,Bronze,male,greco-roman wrestling,1874,38
Zoltán Fodor,Silver,male,greco-roman wrestling,1875,38
